CREATE DATABASE  IF NOT EXISTS `projectfinal02` /*!40100 DEFAULT CHARACTER SET utf8mb3 */ /*!80016 DEFAULT ENCRYPTION='N' */;
USE `projectfinal02`;
-- MySQL dump 10.13  Distrib 8.0.36, for Win64 (x86_64)
--
-- Host: localhost    Database: projectfinal02
-- ------------------------------------------------------
-- Server version	8.3.0

/*!40101 SET @OLD_CHARACTER_SET_CLIENT=@@CHARACTER_SET_CLIENT */;
/*!40101 SET @OLD_CHARACTER_SET_RESULTS=@@CHARACTER_SET_RESULTS */;
/*!40101 SET @OLD_COLLATION_CONNECTION=@@COLLATION_CONNECTION */;
/*!50503 SET NAMES utf8 */;
/*!40103 SET @OLD_TIME_ZONE=@@TIME_ZONE */;
/*!40103 SET TIME_ZONE='+00:00' */;
/*!40014 SET @OLD_UNIQUE_CHECKS=@@UNIQUE_CHECKS, UNIQUE_CHECKS=0 */;
/*!40014 SET @OLD_FOREIGN_KEY_CHECKS=@@FOREIGN_KEY_CHECKS, FOREIGN_KEY_CHECKS=0 */;
/*!40101 SET @OLD_SQL_MODE=@@SQL_MODE, SQL_MODE='NO_AUTO_VALUE_ON_ZERO' */;
/*!40111 SET @OLD_SQL_NOTES=@@SQL_NOTES, SQL_NOTES=0 */;

--
-- Table structure for table `agence_`
--

DROP TABLE IF EXISTS `agence_`;
/*!40101 SET @saved_cs_client     = @@character_set_client */;
/*!50503 SET character_set_client = utf8mb4 */;
CREATE TABLE `agence_` (
  `Id_Agence` int NOT NULL AUTO_INCREMENT,
  `Nom_Agence` varchar(50) DEFAULT NULL,
  `Id_Ville_` int NOT NULL,
  PRIMARY KEY (`Id_Agence`),
  KEY `Id_Ville_` (`Id_Ville_`),
  CONSTRAINT `agence__ibfk_1` FOREIGN KEY (`Id_Ville_`) REFERENCES `ville_` (`Id_Ville_`)
) ENGINE=InnoDB AUTO_INCREMENT=21 DEFAULT CHARSET=utf8mb4 COLLATE=utf8mb4_0900_ai_ci;
/*!40101 SET character_set_client = @saved_cs_client */;

--
-- Dumping data for table `agence_`
--

LOCK TABLES `agence_` WRITE;
/*!40000 ALTER TABLE `agence_` DISABLE KEYS */;
INSERT INTO `agence_` VALUES (1,'Agence de Paris',1),(2,'Agence de Versailles',2),(3,'Agence de Boulogne-Billancourt',3),(4,'Agence de Saint-Denis',4),(5,'Agence de Marseille',5),(6,'Agence de Nice',6),(7,'Agence de Toulon',7),(8,'Agence de Avignon',8),(9,'Agence de Lyon',9),(10,'Agence de Grenoble',10),(11,'Agence de Clermont-Ferrand',11),(12,'Agence de Saint-Étienne',12),(13,'Agence de Toulouse',13),(14,'Agence de Montpellier',14),(15,'Agence de Nîmes',15),(16,'Agence de Perpignan',16),(17,'Agence de Bordeaux',17),(18,'Agence de La Rochelle',18),(19,'Agence de Limoges',19),(20,'Agence de Pau',20);
/*!40000 ALTER TABLE `agence_` ENABLE KEYS */;
UNLOCK TABLES;

--
-- Table structure for table `capteur`
--

DROP TABLE IF EXISTS `capteur`;
/*!40101 SET @saved_cs_client     = @@character_set_client */;
/*!50503 SET character_set_client = utf8mb4 */;
CREATE TABLE `capteur` (
  `Id_Capteur_` int NOT NULL AUTO_INCREMENT,
  `Nom_Capteur_` varchar(50) DEFAULT NULL,
  `Id_personnel_` int NOT NULL,
  `Id_Secteur_` int NOT NULL,
  `Id_Agence` int NOT NULL,
  `Id_Gaz` int NOT NULL,
  PRIMARY KEY (`Id_Capteur_`),
  KEY `Id_personnel_` (`Id_personnel_`),
  KEY `Id_Secteur_` (`Id_Secteur_`),
  KEY `Id_Agence` (`Id_Agence`),
  KEY `Id_Gaz` (`Id_Gaz`),
  CONSTRAINT `capteur_ibfk_1` FOREIGN KEY (`Id_personnel_`) REFERENCES `personnel_technique` (`Id_personnel_`),
  CONSTRAINT `capteur_ibfk_2` FOREIGN KEY (`Id_Secteur_`) REFERENCES `secteur_` (`Id_Secteur_`),
  CONSTRAINT `capteur_ibfk_3` FOREIGN KEY (`Id_Agence`) REFERENCES `agence_` (`Id_Agence`),
  CONSTRAINT `capteur_ibfk_4` FOREIGN KEY (`Id_Gaz`) REFERENCES `gaz` (`Id_Gaz`)
) ENGINE=InnoDB AUTO_INCREMENT=61 DEFAULT CHARSET=utf8mb4 COLLATE=utf8mb4_0900_ai_ci;
/*!40101 SET character_set_client = @saved_cs_client */;

--
-- Dumping data for table `capteur`
--

LOCK TABLES `capteur` WRITE;
/*!40000 ALTER TABLE `capteur` DISABLE KEYS */;
INSERT INTO `capteur` VALUES (1,'CAP-01',141,1,1,1),(2,'CAP-02',161,2,1,2),(3,'CAP-03',161,3,1,3),(4,'CAP-04',142,4,2,4),(5,'CAP-05',162,5,2,5),(6,'CAP-06',162,6,2,6),(7,'CAP-07',143,7,3,7),(8,'CAP-08',163,8,3,8),(9,'CAP-09',163,9,3,9),(10,'CAP-10',144,10,4,10),(11,'CAP-11',164,11,4,11),(12,'CAP-12',164,12,4,12),(13,'CAP-13',145,13,5,1),(14,'CAP-14',165,14,5,2),(15,'CAP-15',165,15,5,3),(16,'CAP-16',146,16,6,4),(17,'CAP-17',166,17,6,5),(18,'CAP-18',166,18,6,6),(19,'CAP-19',147,19,7,7),(20,'CAP-20',167,20,7,8),(21,'CAP-21',167,21,7,9),(22,'CAP-22',148,22,8,10),(23,'CAP-23',168,23,8,11),(24,'CAP-24',168,24,8,12),(25,'CAP-25',149,25,9,1),(26,'CAP-26',169,26,9,2),(27,'CAP-27',169,27,9,3),(28,'CAP-28',150,28,10,4),(29,'CAP-29',170,29,10,5),(30,'CAP-30',170,30,10,6),(31,'CAP-31',151,31,11,7),(32,'CAP-32',171,32,11,8),(33,'CAP-33',171,33,11,9),(34,'CAP-34',152,34,12,10),(35,'CAP-35',172,35,12,11),(36,'CAP-36',172,36,12,12),(37,'CAP-37',153,37,13,1),(38,'CAP-38',173,38,13,2),(39,'CAP-39',173,39,13,3),(40,'CAP-40',154,40,14,4),(41,'CAP-41',174,41,14,5),(42,'CAP-42',174,42,14,6),(43,'CAP-43',155,43,15,7),(44,'CAP-44',175,44,15,8),(45,'CAP-45',175,45,15,9),(46,'CAP-46',156,46,16,10),(47,'CAP-47',176,47,16,11),(48,'CAP-48',176,48,16,12),(49,'CAP-49',157,49,17,1),(50,'CAP-50',177,50,17,2),(51,'CAP-51',177,51,17,3),(52,'CAP-52',158,52,18,4),(53,'CAP-53',178,53,18,5),(54,'CAP-54',178,54,18,6),(55,'CAP-55',159,55,19,7),(56,'CAP-56',179,56,19,8),(57,'CAP-57',179,57,19,9),(58,'CAP-58',160,58,20,10),(59,'CAP-59',180,59,20,11),(60,'CAP-60',180,60,20,12);
/*!40000 ALTER TABLE `capteur` ENABLE KEYS */;
UNLOCK TABLES;

--
-- Table structure for table `chef_d_agence`
--

DROP TABLE IF EXISTS `chef_d_agence`;
/*!40101 SET @saved_cs_client     = @@character_set_client */;
/*!50503 SET character_set_client = utf8mb4 */;
CREATE TABLE `chef_d_agence` (
  `Id_personnel_` int NOT NULL,
  `Id_Agence` int NOT NULL,
  PRIMARY KEY (`Id_personnel_`),
  KEY `Id_Agence` (`Id_Agence`),
  CONSTRAINT `chef_d_agence_ibfk_1` FOREIGN KEY (`Id_personnel_`) REFERENCES `personnel_` (`Id_personnel_`),
  CONSTRAINT `chef_d_agence_ibfk_2` FOREIGN KEY (`Id_Agence`) REFERENCES `agence_` (`Id_Agence`)
) ENGINE=InnoDB DEFAULT CHARSET=utf8mb4 COLLATE=utf8mb4_0900_ai_ci;
/*!40101 SET character_set_client = @saved_cs_client */;

--
-- Dumping data for table `chef_d_agence`
--

LOCK TABLES `chef_d_agence` WRITE;
/*!40000 ALTER TABLE `chef_d_agence` DISABLE KEYS */;
INSERT INTO `chef_d_agence` VALUES (81,1),(82,2),(83,3),(84,4),(85,5),(86,6),(87,7),(88,8),(89,9),(90,10),(91,11),(92,12),(93,13),(94,14),(95,15),(96,16),(97,17),(98,18),(99,19),(100,20);
/*!40000 ALTER TABLE `chef_d_agence` ENABLE KEYS */;
UNLOCK TABLES;

--
-- Table structure for table `contenir`
--

DROP TABLE IF EXISTS `contenir`;
/*!40101 SET @saved_cs_client     = @@character_set_client */;
/*!50503 SET character_set_client = utf8mb4 */;
CREATE TABLE `contenir` (
  `Id_Rapport_` int NOT NULL,
  `id_Données` int NOT NULL,
  PRIMARY KEY (`Id_Rapport_`,`id_Données`),
  KEY `id_Données` (`id_Données`),
  CONSTRAINT `contenir_ibfk_1` FOREIGN KEY (`Id_Rapport_`) REFERENCES `rapport_` (`Id_Rapport_`),
  CONSTRAINT `contenir_ibfk_2` FOREIGN KEY (`id_Données`) REFERENCES `données` (`id_Données`)
) ENGINE=InnoDB DEFAULT CHARSET=utf8mb4 COLLATE=utf8mb4_0900_ai_ci;
/*!40101 SET character_set_client = @saved_cs_client */;

--
-- Dumping data for table `contenir`
--

LOCK TABLES `contenir` WRITE;
/*!40000 ALTER TABLE `contenir` DISABLE KEYS */;
INSERT INTO `contenir` VALUES (1,1),(2,2),(3,3),(4,4),(5,5),(6,6),(7,7),(8,8),(9,9),(10,10),(11,11),(12,12),(13,13),(14,14),(15,15),(16,16),(17,17),(18,18),(19,19),(20,20),(21,21),(22,22),(23,23),(24,24),(25,25),(26,26),(27,27),(28,28),(29,29),(30,30),(31,31),(32,32),(33,33),(34,34),(35,35),(36,36),(37,37),(38,38),(39,39),(40,40),(41,41),(42,42),(43,43),(44,44),(45,45),(46,46),(47,47),(48,48),(49,49),(50,50),(51,51),(52,52),(53,53),(54,54),(55,55),(56,56),(57,57),(58,58),(59,59),(60,60),(1,61),(2,62),(3,63),(4,64),(5,65),(6,66),(7,67),(8,68),(9,69),(10,70),(11,71),(12,72),(13,73),(14,74),(15,75),(16,76),(17,77),(18,78),(19,79),(20,80),(21,81),(22,82),(23,83),(24,84),(25,85),(26,86),(27,87),(28,88),(29,89),(30,90),(31,91),(32,92),(33,93),(34,94),(35,95),(36,96),(37,97),(38,98),(39,99),(40,100),(41,101),(42,102),(43,103),(44,104),(45,105),(46,106),(47,107),(48,108),(49,109),(50,110),(51,111),(52,112),(53,113),(54,114),(55,115),(56,116),(57,117),(58,118),(59,119),(60,120),(1,121),(2,122),(3,123),(4,124),(5,125),(6,126),(7,127),(8,128),(9,129),(10,130),(11,131),(12,132),(13,133),(14,134),(15,135),(16,136),(17,137),(18,138),(19,139),(20,140),(21,141),(22,142),(23,143),(24,144),(25,145),(26,146),(27,147),(28,148),(29,149),(30,150),(31,151),(32,152),(33,153),(34,154),(35,155),(36,156),(37,157),(38,158),(39,159),(40,160),(41,161),(42,162),(43,163),(44,164),(45,165),(46,166),(47,167),(48,168),(49,169),(50,170),(51,171),(52,172),(53,173),(54,174),(55,175),(56,176),(57,177),(58,178),(59,179),(60,180),(1,181),(2,182),(3,183),(4,184),(5,185),(6,186),(7,187),(8,188),(9,189),(10,190),(11,191),(12,192),(13,193),(14,194),(15,195),(16,196),(17,197),(18,198),(19,199),(20,200),(21,201),(22,202),(23,203),(24,204),(25,205),(26,206),(27,207),(28,208),(29,209),(30,210),(31,211),(32,212),(33,213),(34,214),(35,215),(36,216),(37,217),(38,218),(39,219),(40,220),(41,221),(42,222),(43,223),(44,224),(45,225),(46,226),(47,227),(48,228),(49,229),(50,230),(51,231),(52,232),(53,233),(54,234),(55,235),(56,236),(57,237),(58,238),(59,239),(60,240),(1,241),(2,242),(3,243),(4,244),(5,245),(6,246),(7,247),(8,248),(9,249),(10,250),(11,251),(12,252),(13,253),(14,254),(15,255),(16,256),(17,257),(18,258),(19,259),(20,260),(21,261),(22,262),(23,263),(24,264),(25,265),(26,266),(27,267),(28,268),(29,269),(30,270),(31,271),(32,272),(33,273),(34,274),(35,275),(36,276),(37,277),(38,278),(39,279),(40,280),(41,281),(42,282),(43,283),(44,284),(45,285),(46,286),(47,287),(48,288),(49,289),(50,290),(51,291),(52,292),(53,293),(54,294),(55,295),(56,296),(57,297),(58,298),(59,299),(60,300),(1,301),(2,302),(3,303),(4,304),(5,305),(6,306),(7,307),(8,308),(9,309),(10,310),(11,311),(12,312),(13,313),(14,314),(15,315),(16,316),(17,317),(18,318),(19,319),(20,320),(21,321),(22,322),(23,323),(24,324),(25,325),(26,326),(27,327),(28,328),(29,329),(30,330),(31,331),(32,332),(33,333),(34,334),(35,335),(36,336),(37,337),(38,338),(39,339),(40,340),(41,341),(42,342),(43,343),(44,344),(45,345),(46,346),(47,347),(48,348),(49,349),(50,350),(51,351),(52,352),(53,353),(54,354),(55,355),(56,356),(57,357),(58,358),(59,359),(60,360),(1,361),(2,362),(3,363),(4,364),(5,365),(6,366),(7,367),(8,368),(9,369),(10,370),(11,371),(12,372),(13,373),(14,374),(15,375),(16,376),(17,377),(18,378),(19,379),(20,380),(21,381),(22,382),(23,383),(24,384),(25,385),(26,386),(27,387),(28,388),(29,389),(30,390),(31,391),(32,392),(33,393),(34,394),(35,395),(36,396),(37,397),(38,398),(39,399),(40,400),(41,401),(42,402),(43,403),(44,404),(45,405),(46,406),(47,407),(48,408),(49,409),(50,410),(51,411),(52,412),(53,413),(54,414),(55,415),(56,416),(57,417),(58,418),(59,419),(60,420),(61,421),(62,422),(63,423),(64,424),(65,425),(66,426),(67,427),(68,428),(69,429),(70,430),(71,431),(72,432),(73,433),(74,434),(75,435),(76,436),(77,437),(78,438),(79,439),(80,440),(81,441),(82,442),(83,443),(84,444),(85,445),(86,446),(87,447),(88,448),(89,449),(90,450),(91,451),(92,452),(93,453),(94,454),(95,455),(96,456),(97,457),(98,458),(99,459),(100,460),(101,461),(102,462),(103,463),(104,464),(105,465),(106,466),(107,467),(108,468),(109,469),(110,470),(111,471),(112,472),(113,473),(114,474),(115,475),(116,476),(117,477),(118,478),(119,479),(120,480),(61,481),(62,482),(63,483),(64,484),(65,485),(66,486),(67,487),(68,488),(69,489),(70,490),(71,491),(72,492),(73,493),(74,494),(75,495),(76,496),(77,497),(78,498),(79,499),(80,500),(81,501),(82,502),(83,503),(84,504),(85,505),(86,506),(87,507),(88,508),(89,509),(90,510),(91,511),(92,512),(93,513),(94,514),(95,515),(96,516),(97,517),(98,518),(99,519),(100,520),(101,521),(102,522),(103,523),(104,524),(105,525),(106,526),(107,527),(108,528),(109,529),(110,530),(111,531),(112,532),(113,533),(114,534),(115,535),(116,536),(117,537),(118,538),(119,539),(120,540),(61,541),(62,542),(63,543),(64,544),(65,545),(66,546),(67,547),(68,548),(69,549),(70,550),(71,551),(72,552),(73,553),(74,554),(75,555),(76,556),(77,557),(78,558),(79,559),(80,560),(81,561),(82,562),(83,563),(84,564),(85,565),(86,566),(87,567),(88,568),(89,569),(90,570),(91,571),(92,572),(93,573),(94,574),(95,575),(96,576),(97,577),(98,578),(99,579),(100,580),(101,581),(102,582),(103,583),(104,584),(105,585),(106,586),(107,587),(108,588),(109,589),(110,590),(111,591),(112,592),(113,593),(114,594),(115,595),(116,596),(117,597),(118,598),(119,599),(120,600),(61,601),(62,602),(63,603),(64,604),(65,605),(66,606),(67,607),(68,608),(69,609),(70,610),(71,611),(72,612),(73,613),(74,614),(75,615),(76,616),(77,617),(78,618),(79,619),(80,620),(81,621),(82,622),(83,623),(84,624),(85,625),(86,626),(87,627),(88,628),(89,629),(90,630),(91,631),(92,632),(93,633),(94,634),(95,635),(96,636),(97,637),(98,638),(99,639),(100,640),(101,641),(102,642),(103,643),(104,644),(105,645),(106,646),(107,647),(108,648),(109,649),(110,650),(111,651),(112,652),(113,653),(114,654),(115,655),(116,656),(117,657),(118,658),(119,659),(120,660),(61,661),(62,662),(63,663),(64,664),(65,665),(66,666),(67,667),(68,668),(69,669),(70,670),(71,671),(72,672),(73,673),(74,674),(75,675),(76,676),(77,677),(78,678),(79,679),(80,680),(81,681),(82,682),(83,683),(84,684),(85,685),(86,686),(87,687),(88,688),(89,689),(90,690),(91,691),(92,692),(93,693),(94,694),(95,695),(96,696),(97,697),(98,698),(99,699),(100,700),(101,701),(102,702),(103,703),(104,704),(105,705),(106,706),(107,707),(108,708),(109,709),(110,710),(111,711),(112,712),(113,713),(114,714),(115,715),(116,716),(117,717),(118,718),(119,719),(120,720),(61,721),(62,722),(63,723),(64,724),(65,725),(66,726),(67,727),(68,728),(69,729),(70,730),(71,731),(72,732),(73,733),(74,734),(75,735),(76,736),(77,737),(78,738),(79,739),(80,740),(81,741),(82,742),(83,743),(84,744),(85,745),(86,746),(87,747),(88,748),(89,749),(90,750),(91,751),(92,752),(93,753),(94,754),(95,755),(96,756),(97,757),(98,758),(99,759),(100,760),(101,761),(102,762),(103,763),(104,764),(105,765),(106,766),(107,767),(108,768),(109,769),(110,770),(111,771),(112,772),(113,773),(114,774),(115,775),(116,776),(117,777),(118,778),(119,779),(120,780),(61,781),(62,782),(63,783),(64,784),(65,785),(66,786),(67,787),(68,788),(69,789),(70,790),(71,791),(72,792),(73,793),(74,794),(75,795),(76,796),(77,797),(78,798),(79,799),(80,800),(81,801),(82,802),(83,803),(84,804),(85,805),(86,806),(87,807),(88,808),(89,809),(90,810),(91,811),(92,812),(93,813),(94,814),(95,815),(96,816),(97,817),(98,818),(99,819),(100,820),(101,821),(102,822),(103,823),(104,824),(105,825),(106,826),(107,827),(108,828),(109,829),(110,830),(111,831),(112,832),(113,833),(114,834),(115,835),(116,836),(117,837),(118,838),(119,839),(120,840),(121,841),(122,842),(123,843),(124,844),(125,845),(126,846),(127,847),(128,848),(129,849),(130,850),(131,851),(132,852),(133,853),(134,854),(135,855),(136,856),(137,857),(138,858),(139,859),(140,860),(141,861),(142,862),(143,863),(144,864),(145,865),(146,866),(147,867),(148,868),(149,869),(150,870),(151,871),(152,872),(153,873),(154,874),(155,875),(156,876),(157,877),(158,878),(159,879),(160,880),(161,881),(162,882),(163,883),(164,884),(165,885),(166,886),(167,887),(168,888),(169,889),(170,890),(171,891),(172,892),(173,893),(174,894),(175,895),(176,896),(177,897),(178,898),(179,899),(180,900),(121,901),(122,902),(123,903),(124,904),(125,905),(126,906),(127,907),(128,908),(129,909),(130,910),(131,911),(132,912),(133,913),(134,914),(135,915),(136,916),(137,917),(138,918),(139,919),(140,920),(141,921),(142,922),(143,923),(144,924),(145,925),(146,926),(147,927),(148,928),(149,929),(150,930),(151,931),(152,932),(153,933),(154,934),(155,935),(156,936),(157,937),(158,938),(159,939),(160,940),(161,941),(162,942),(163,943),(164,944),(165,945),(166,946),(167,947),(168,948),(169,949),(170,950),(171,951),(172,952),(173,953),(174,954),(175,955),(176,956),(177,957),(178,958),(179,959),(180,960),(121,961),(122,962),(123,963),(124,964),(125,965),(126,966),(127,967),(128,968),(129,969),(130,970),(131,971),(132,972),(133,973),(134,974),(135,975),(136,976),(137,977),(138,978),(139,979),(140,980),(141,981),(142,982),(143,983),(144,984),(145,985),(146,986),(147,987),(148,988),(149,989),(150,990),(151,991),(152,992),(153,993),(154,994),(155,995),(156,996),(157,997),(158,998),(159,999),(160,1000),(161,1001),(162,1002),(163,1003),(164,1004),(165,1005),(166,1006),(167,1007),(168,1008),(169,1009),(170,1010),(171,1011),(172,1012),(173,1013),(174,1014),(175,1015),(176,1016),(177,1017),(178,1018),(179,1019),(180,1020),(121,1021),(122,1022),(123,1023),(124,1024),(125,1025),(126,1026),(127,1027),(128,1028),(129,1029),(130,1030),(131,1031),(132,1032),(133,1033),(134,1034),(135,1035),(136,1036),(137,1037),(138,1038),(139,1039),(140,1040),(141,1041),(142,1042),(143,1043),(144,1044),(145,1045),(146,1046),(147,1047),(148,1048),(149,1049),(150,1050),(151,1051),(152,1052),(153,1053),(154,1054),(155,1055),(156,1056),(157,1057),(158,1058),(159,1059),(160,1060),(161,1061),(162,1062),(163,1063),(164,1064),(165,1065),(166,1066),(167,1067),(168,1068),(169,1069),(170,1070),(171,1071),(172,1072),(173,1073),(174,1074),(175,1075),(176,1076),(177,1077),(178,1078),(179,1079),(180,1080),(121,1081),(122,1082),(123,1083),(124,1084),(125,1085),(126,1086),(127,1087),(128,1088),(129,1089),(130,1090),(131,1091),(132,1092),(133,1093),(134,1094),(135,1095),(136,1096),(137,1097),(138,1098),(139,1099),(140,1100),(141,1101),(142,1102),(143,1103),(144,1104),(145,1105),(146,1106),(147,1107),(148,1108),(149,1109),(150,1110),(151,1111),(152,1112),(153,1113),(154,1114),(155,1115),(156,1116),(157,1117),(158,1118),(159,1119),(160,1120),(161,1121),(162,1122),(163,1123),(164,1124),(165,1125),(166,1126),(167,1127),(168,1128),(169,1129),(170,1130),(171,1131),(172,1132),(173,1133),(174,1134),(175,1135),(176,1136),(177,1137),(178,1138),(179,1139),(180,1140),(121,1141),(122,1142),(123,1143),(124,1144),(125,1145),(126,1146),(127,1147),(128,1148),(129,1149),(130,1150),(131,1151),(132,1152),(133,1153),(134,1154),(135,1155),(136,1156),(137,1157),(138,1158),(139,1159),(140,1160),(141,1161),(142,1162),(143,1163),(144,1164),(145,1165),(146,1166),(147,1167),(148,1168),(149,1169),(150,1170),(151,1171),(152,1172),(153,1173),(154,1174),(155,1175),(156,1176),(157,1177),(158,1178),(159,1179),(160,1180),(161,1181),(162,1182),(163,1183),(164,1184),(165,1185),(166,1186),(167,1187),(168,1188),(169,1189),(170,1190),(171,1191),(172,1192),(173,1193),(174,1194),(175,1195),(176,1196),(177,1197),(178,1198),(179,1199),(180,1200),(121,1201),(122,1202),(123,1203),(124,1204),(125,1205),(126,1206),(127,1207),(128,1208),(129,1209),(130,1210),(131,1211),(132,1212),(133,1213),(134,1214),(135,1215),(136,1216),(137,1217),(138,1218),(139,1219),(140,1220),(141,1221),(142,1222),(143,1223),(144,1224),(145,1225),(146,1226),(147,1227),(148,1228),(149,1229),(150,1230),(151,1231),(152,1232),(153,1233),(154,1234),(155,1235),(156,1236),(157,1237),(158,1238),(159,1239),(160,1240),(161,1241),(162,1242),(163,1243),(164,1244),(165,1245),(166,1246),(167,1247),(168,1248),(169,1249),(170,1250),(171,1251),(172,1252),(173,1253),(174,1254),(175,1255),(176,1256),(177,1257),(178,1258),(179,1259),(180,1260),(181,1261),(182,1262),(183,1263),(184,1264),(185,1265),(186,1266),(187,1267),(188,1268),(189,1269),(190,1270),(191,1271),(192,1272),(193,1273),(194,1274),(195,1275),(196,1276),(197,1277),(198,1278),(199,1279),(200,1280),(201,1281),(202,1282),(203,1283),(204,1284),(205,1285),(206,1286),(207,1287),(208,1288),(209,1289),(210,1290),(211,1291),(212,1292),(213,1293),(214,1294),(215,1295),(216,1296),(217,1297),(218,1298),(219,1299),(220,1300),(221,1301),(222,1302),(223,1303),(224,1304),(225,1305),(226,1306),(227,1307),(228,1308),(229,1309),(230,1310),(231,1311),(232,1312),(233,1313),(234,1314),(235,1315),(236,1316),(237,1317),(238,1318),(239,1319),(240,1320),(181,1321),(182,1322),(183,1323),(184,1324),(185,1325),(186,1326),(187,1327),(188,1328),(189,1329),(190,1330),(191,1331),(192,1332),(193,1333),(194,1334),(195,1335),(196,1336),(197,1337),(198,1338),(199,1339),(200,1340),(201,1341),(202,1342),(203,1343),(204,1344),(205,1345),(206,1346),(207,1347),(208,1348),(209,1349),(210,1350),(211,1351),(212,1352),(213,1353),(214,1354),(215,1355),(216,1356),(217,1357),(218,1358),(219,1359),(220,1360),(221,1361),(222,1362),(223,1363),(224,1364),(225,1365),(226,1366),(227,1367),(228,1368),(229,1369),(230,1370),(231,1371),(232,1372),(233,1373),(234,1374),(235,1375),(236,1376),(237,1377),(238,1378),(239,1379),(240,1380),(181,1381),(182,1382),(183,1383),(184,1384),(185,1385),(186,1386),(187,1387),(188,1388),(189,1389),(190,1390),(191,1391),(192,1392),(193,1393),(194,1394),(195,1395),(196,1396),(197,1397),(198,1398),(199,1399),(200,1400),(201,1401),(202,1402),(203,1403),(204,1404),(205,1405),(206,1406),(207,1407),(208,1408),(209,1409),(210,1410),(211,1411),(212,1412),(213,1413),(214,1414),(215,1415),(216,1416),(217,1417),(218,1418),(219,1419),(220,1420),(221,1421),(222,1422),(223,1423),(224,1424),(225,1425),(226,1426),(227,1427),(228,1428),(229,1429),(230,1430),(231,1431),(232,1432),(233,1433),(234,1434),(235,1435),(236,1436),(237,1437),(238,1438),(239,1439),(240,1440),(181,1441),(182,1442),(183,1443),(184,1444),(185,1445),(186,1446),(187,1447),(188,1448),(189,1449),(190,1450),(191,1451),(192,1452),(193,1453),(194,1454),(195,1455),(196,1456),(197,1457),(198,1458),(199,1459),(200,1460),(201,1461),(202,1462),(203,1463),(204,1464),(205,1465),(206,1466),(207,1467),(208,1468),(209,1469),(210,1470),(211,1471),(212,1472),(213,1473),(214,1474),(215,1475),(216,1476),(217,1477),(218,1478),(219,1479),(220,1480),(221,1481),(222,1482),(223,1483),(224,1484),(225,1485),(226,1486),(227,1487),(228,1488),(229,1489),(230,1490),(231,1491),(232,1492),(233,1493),(234,1494),(235,1495),(236,1496),(237,1497),(238,1498),(239,1499),(240,1500),(181,1501),(182,1502),(183,1503),(184,1504),(185,1505),(186,1506),(187,1507),(188,1508),(189,1509),(190,1510),(191,1511),(192,1512),(193,1513),(194,1514),(195,1515),(196,1516),(197,1517),(198,1518),(199,1519),(200,1520),(201,1521),(202,1522),(203,1523),(204,1524),(205,1525),(206,1526),(207,1527),(208,1528),(209,1529),(210,1530),(211,1531),(212,1532),(213,1533),(214,1534),(215,1535),(216,1536),(217,1537),(218,1538),(219,1539),(220,1540),(221,1541),(222,1542),(223,1543),(224,1544),(225,1545),(226,1546),(227,1547),(228,1548),(229,1549),(230,1550),(231,1551),(232,1552),(233,1553),(234,1554),(235,1555),(236,1556),(237,1557),(238,1558),(239,1559),(240,1560),(181,1561),(182,1562),(183,1563),(184,1564),(185,1565),(186,1566),(187,1567),(188,1568),(189,1569),(190,1570),(191,1571),(192,1572),(193,1573),(194,1574),(195,1575),(196,1576),(197,1577),(198,1578),(199,1579),(200,1580),(201,1581),(202,1582),(203,1583),(204,1584),(205,1585),(206,1586),(207,1587),(208,1588),(209,1589),(210,1590),(211,1591),(212,1592),(213,1593),(214,1594),(215,1595),(216,1596),(217,1597),(218,1598),(219,1599),(220,1600),(221,1601),(222,1602),(223,1603),(224,1604),(225,1605),(226,1606),(227,1607),(228,1608),(229,1609),(230,1610),(231,1611),(232,1612),(233,1613),(234,1614),(235,1615),(236,1616),(237,1617),(238,1618),(239,1619),(240,1620),(181,1621),(182,1622),(183,1623),(184,1624),(185,1625),(186,1626),(187,1627),(188,1628),(189,1629),(190,1630),(191,1631),(192,1632),(193,1633),(194,1634),(195,1635),(196,1636),(197,1637),(198,1638),(199,1639),(200,1640),(201,1641),(202,1642),(203,1643),(204,1644),(205,1645),(206,1646),(207,1647),(208,1648),(209,1649),(210,1650),(211,1651),(212,1652),(213,1653),(214,1654),(215,1655),(216,1656),(217,1657),(218,1658),(219,1659),(220,1660),(221,1661),(222,1662),(223,1663),(224,1664),(225,1665),(226,1666),(227,1667),(228,1668),(229,1669),(230,1670),(231,1671),(232,1672),(233,1673),(234,1674),(235,1675),(236,1676),(237,1677),(238,1678),(239,1679),(240,1680),(241,1681),(242,1682),(243,1683),(244,1684),(245,1685),(246,1686),(247,1687),(248,1688),(249,1689),(250,1690),(251,1691),(252,1692),(253,1693),(254,1694),(255,1695),(256,1696),(257,1697),(258,1698),(259,1699),(260,1700),(261,1701),(262,1702),(263,1703),(264,1704),(265,1705),(266,1706),(267,1707),(268,1708),(269,1709),(270,1710),(271,1711),(272,1712),(273,1713),(274,1714),(275,1715),(276,1716),(277,1717),(278,1718),(279,1719),(280,1720),(281,1721),(282,1722),(283,1723),(284,1724),(285,1725),(286,1726),(287,1727),(288,1728),(289,1729),(290,1730),(291,1731),(292,1732),(293,1733),(294,1734),(295,1735),(296,1736),(297,1737),(298,1738),(299,1739),(300,1740),(241,1741),(242,1742),(243,1743),(244,1744),(245,1745),(246,1746),(247,1747),(248,1748),(249,1749),(250,1750),(251,1751),(252,1752),(253,1753),(254,1754),(255,1755),(256,1756),(257,1757),(258,1758),(259,1759),(260,1760),(261,1761),(262,1762),(263,1763),(264,1764),(265,1765),(266,1766),(267,1767),(268,1768),(269,1769),(270,1770),(271,1771),(272,1772),(273,1773),(274,1774),(275,1775),(276,1776),(277,1777),(278,1778),(279,1779),(280,1780),(281,1781),(282,1782),(283,1783),(284,1784),(285,1785),(286,1786),(287,1787),(288,1788),(289,1789),(290,1790),(291,1791),(292,1792),(293,1793),(294,1794),(295,1795),(296,1796),(297,1797),(298,1798),(299,1799),(300,1800),(241,1801),(242,1802),(243,1803),(244,1804),(245,1805),(246,1806),(247,1807),(248,1808),(249,1809),(250,1810),(251,1811),(252,1812),(253,1813),(254,1814),(255,1815),(256,1816),(257,1817),(258,1818),(259,1819),(260,1820),(261,1821),(262,1822),(263,1823),(264,1824),(265,1825),(266,1826),(267,1827),(268,1828),(269,1829),(270,1830),(271,1831),(272,1832),(273,1833),(274,1834),(275,1835),(276,1836),(277,1837),(278,1838),(279,1839),(280,1840),(281,1841),(282,1842),(283,1843),(284,1844),(285,1845),(286,1846),(287,1847),(288,1848),(289,1849),(290,1850),(291,1851),(292,1852),(293,1853),(294,1854),(295,1855),(296,1856),(297,1857),(298,1858),(299,1859),(300,1860),(241,1861),(242,1862),(243,1863),(244,1864),(245,1865),(246,1866),(247,1867),(248,1868),(249,1869),(250,1870),(251,1871),(252,1872),(253,1873),(254,1874),(255,1875),(256,1876),(257,1877),(258,1878),(259,1879),(260,1880),(261,1881),(262,1882),(263,1883),(264,1884),(265,1885),(266,1886),(267,1887),(268,1888),(269,1889),(270,1890),(271,1891),(272,1892),(273,1893),(274,1894),(275,1895),(276,1896),(277,1897),(278,1898),(279,1899),(280,1900),(281,1901),(282,1902),(283,1903),(284,1904),(285,1905),(286,1906),(287,1907),(288,1908),(289,1909),(290,1910),(291,1911),(292,1912),(293,1913),(294,1914),(295,1915),(296,1916),(297,1917),(298,1918),(299,1919),(300,1920),(241,1921),(242,1922),(243,1923),(244,1924),(245,1925),(246,1926),(247,1927),(248,1928),(249,1929),(250,1930),(251,1931),(252,1932),(253,1933),(254,1934),(255,1935),(256,1936),(257,1937),(258,1938),(259,1939),(260,1940),(261,1941),(262,1942),(263,1943),(264,1944),(265,1945),(266,1946),(267,1947),(268,1948),(269,1949),(270,1950),(271,1951),(272,1952),(273,1953),(274,1954),(275,1955),(276,1956),(277,1957),(278,1958),(279,1959),(280,1960),(281,1961),(282,1962),(283,1963),(284,1964),(285,1965),(286,1966),(287,1967),(288,1968),(289,1969),(290,1970),(291,1971),(292,1972),(293,1973),(294,1974),(295,1975),(296,1976),(297,1977),(298,1978),(299,1979),(300,1980),(241,1981),(242,1982),(243,1983),(244,1984),(245,1985),(246,1986),(247,1987),(248,1988),(249,1989),(250,1990),(251,1991),(252,1992),(253,1993),(254,1994),(255,1995),(256,1996),(257,1997),(258,1998),(259,1999),(260,2000),(261,2001),(262,2002),(263,2003),(264,2004),(265,2005),(266,2006),(267,2007),(268,2008),(269,2009),(270,2010),(271,2011),(272,2012),(273,2013),(274,2014),(275,2015),(276,2016),(277,2017),(278,2018),(279,2019),(280,2020),(281,2021),(282,2022),(283,2023),(284,2024),(285,2025),(286,2026),(287,2027),(288,2028),(289,2029),(290,2030),(291,2031),(292,2032),(293,2033),(294,2034),(295,2035),(296,2036),(297,2037),(298,2038),(299,2039),(300,2040),(241,2041),(242,2042),(243,2043),(244,2044),(245,2045),(246,2046),(247,2047),(248,2048),(249,2049),(250,2050),(251,2051),(252,2052),(253,2053),(254,2054),(255,2055),(256,2056),(257,2057),(258,2058),(259,2059),(260,2060),(261,2061),(262,2062),(263,2063),(264,2064),(265,2065),(266,2066),(267,2067),(268,2068),(269,2069),(270,2070),(271,2071),(272,2072),(273,2073),(274,2074),(275,2075),(276,2076),(277,2077),(278,2078),(279,2079),(280,2080),(281,2081),(282,2082),(283,2083),(284,2084),(285,2085),(286,2086),(287,2087),(288,2088),(289,2089),(290,2090),(291,2091),(292,2092),(293,2093),(294,2094),(295,2095),(296,2096),(297,2097),(298,2098),(299,2099),(300,2100),(301,2101),(302,2102),(303,2103),(304,2104),(305,2105),(306,2106),(307,2107),(308,2108),(309,2109),(310,2110),(311,2111),(312,2112),(313,2113),(314,2114),(315,2115),(316,2116),(317,2117),(318,2118),(319,2119),(320,2120),(321,2121),(322,2122),(323,2123),(324,2124),(325,2125),(326,2126),(327,2127),(328,2128),(329,2129),(330,2130),(331,2131),(332,2132),(333,2133),(334,2134),(335,2135),(336,2136),(337,2137),(338,2138),(339,2139),(340,2140),(341,2141),(342,2142),(343,2143),(344,2144),(345,2145),(346,2146),(347,2147),(348,2148),(349,2149),(350,2150),(351,2151),(352,2152),(353,2153),(354,2154),(355,2155),(356,2156),(357,2157),(358,2158),(359,2159),(360,2160),(301,2161),(302,2162),(303,2163),(304,2164),(305,2165),(306,2166),(307,2167),(308,2168),(309,2169),(310,2170),(311,2171),(312,2172),(313,2173),(314,2174),(315,2175),(316,2176),(317,2177),(318,2178),(319,2179),(320,2180),(321,2181),(322,2182),(323,2183),(324,2184),(325,2185),(326,2186),(327,2187),(328,2188),(329,2189),(330,2190),(331,2191),(332,2192),(333,2193),(334,2194),(335,2195),(336,2196),(337,2197),(338,2198),(339,2199),(340,2200),(341,2201),(342,2202),(343,2203),(344,2204),(345,2205),(346,2206),(347,2207),(348,2208),(349,2209),(350,2210),(351,2211),(352,2212),(353,2213),(354,2214),(355,2215),(356,2216),(357,2217),(358,2218),(359,2219),(360,2220),(301,2221),(302,2222),(303,2223),(304,2224),(305,2225),(306,2226),(307,2227),(308,2228),(309,2229),(310,2230),(311,2231),(312,2232),(313,2233),(314,2234),(315,2235),(316,2236),(317,2237),(318,2238),(319,2239),(320,2240),(321,2241),(322,2242),(323,2243),(324,2244),(325,2245),(326,2246),(327,2247),(328,2248),(329,2249),(330,2250),(331,2251),(332,2252),(333,2253),(334,2254),(335,2255),(336,2256),(337,2257),(338,2258),(339,2259),(340,2260),(341,2261),(342,2262),(343,2263),(344,2264),(345,2265),(346,2266),(347,2267),(348,2268),(349,2269),(350,2270),(351,2271),(352,2272),(353,2273),(354,2274),(355,2275),(356,2276),(357,2277),(358,2278),(359,2279),(360,2280),(301,2281),(302,2282),(303,2283),(304,2284),(305,2285),(306,2286),(307,2287),(308,2288),(309,2289),(310,2290),(311,2291),(312,2292),(313,2293),(314,2294),(315,2295),(316,2296),(317,2297),(318,2298),(319,2299),(320,2300),(321,2301),(322,2302),(323,2303),(324,2304),(325,2305),(326,2306),(327,2307),(328,2308),(329,2309),(330,2310),(331,2311),(332,2312),(333,2313),(334,2314),(335,2315),(336,2316),(337,2317),(338,2318),(339,2319),(340,2320),(341,2321),(342,2322),(343,2323),(344,2324),(345,2325),(346,2326),(347,2327),(348,2328),(349,2329),(350,2330),(351,2331),(352,2332),(353,2333),(354,2334),(355,2335),(356,2336),(357,2337),(358,2338),(359,2339),(360,2340),(301,2341),(302,2342),(303,2343),(304,2344),(305,2345),(306,2346),(307,2347),(308,2348),(309,2349),(310,2350),(311,2351),(312,2352),(313,2353),(314,2354),(315,2355),(316,2356),(317,2357),(318,2358),(319,2359),(320,2360),(321,2361),(322,2362),(323,2363),(324,2364),(325,2365),(326,2366),(327,2367),(328,2368),(329,2369),(330,2370),(331,2371),(332,2372),(333,2373),(334,2374),(335,2375),(336,2376),(337,2377),(338,2378),(339,2379),(340,2380),(341,2381),(342,2382),(343,2383),(344,2384),(345,2385),(346,2386),(347,2387),(348,2388),(349,2389),(350,2390),(351,2391),(352,2392),(353,2393),(354,2394),(355,2395),(356,2396),(357,2397),(358,2398),(359,2399),(360,2400),(301,2401),(302,2402),(303,2403),(304,2404),(305,2405),(306,2406),(307,2407),(308,2408),(309,2409),(310,2410),(311,2411),(312,2412),(313,2413),(314,2414),(315,2415),(316,2416),(317,2417),(318,2418),(319,2419),(320,2420),(321,2421),(322,2422),(323,2423),(324,2424),(325,2425),(326,2426),(327,2427),(328,2428),(329,2429),(330,2430),(331,2431),(332,2432),(333,2433),(334,2434),(335,2435),(336,2436),(337,2437),(338,2438),(339,2439),(340,2440),(341,2441),(342,2442),(343,2443),(344,2444),(345,2445),(346,2446),(347,2447),(348,2448),(349,2449),(350,2450),(351,2451),(352,2452),(353,2453),(354,2454),(355,2455),(356,2456),(357,2457),(358,2458),(359,2459),(360,2460),(301,2461),(302,2462),(303,2463),(304,2464),(305,2465),(306,2466),(307,2467),(308,2468),(309,2469),(310,2470),(311,2471),(312,2472),(313,2473),(314,2474),(315,2475),(316,2476),(317,2477),(318,2478),(319,2479),(320,2480),(321,2481),(322,2482),(323,2483),(324,2484),(325,2485),(326,2486),(327,2487),(328,2488),(329,2489),(330,2490),(331,2491),(332,2492),(333,2493),(334,2494),(335,2495),(336,2496),(337,2497),(338,2498),(339,2499),(340,2500),(341,2501),(342,2502),(343,2503),(344,2504),(345,2505),(346,2506),(347,2507),(348,2508),(349,2509),(350,2510),(351,2511),(352,2512),(353,2513),(354,2514),(355,2515),(356,2516),(357,2517),(358,2518),(359,2519),(360,2520),(361,2521),(362,2522),(363,2523),(364,2524),(365,2525),(366,2526),(367,2527),(368,2528),(369,2529),(370,2530),(371,2531),(372,2532),(373,2533),(374,2534),(375,2535),(376,2536),(377,2537),(378,2538),(379,2539),(380,2540),(381,2541),(382,2542),(383,2543),(384,2544),(385,2545),(386,2546),(387,2547),(388,2548),(389,2549),(390,2550),(391,2551),(392,2552),(393,2553),(394,2554),(395,2555),(396,2556),(397,2557),(398,2558),(399,2559),(400,2560),(401,2561),(402,2562),(403,2563),(404,2564),(405,2565),(406,2566),(407,2567),(408,2568),(409,2569),(410,2570),(411,2571),(412,2572),(413,2573),(414,2574),(415,2575),(416,2576),(417,2577),(418,2578),(419,2579),(420,2580),(361,2581),(362,2582),(363,2583),(364,2584),(365,2585),(366,2586),(367,2587),(368,2588),(369,2589),(370,2590),(371,2591),(372,2592),(373,2593),(374,2594),(375,2595),(376,2596),(377,2597),(378,2598),(379,2599),(380,2600),(381,2601),(382,2602),(383,2603),(384,2604),(385,2605),(386,2606),(387,2607),(388,2608),(389,2609),(390,2610),(391,2611),(392,2612),(393,2613),(394,2614),(395,2615),(396,2616),(397,2617),(398,2618),(399,2619),(400,2620),(401,2621),(402,2622),(403,2623),(404,2624),(405,2625),(406,2626),(407,2627),(408,2628),(409,2629),(410,2630),(411,2631),(412,2632),(413,2633),(414,2634),(415,2635),(416,2636),(417,2637),(418,2638),(419,2639),(420,2640),(361,2641),(362,2642),(363,2643),(364,2644),(365,2645),(366,2646),(367,2647),(368,2648),(369,2649),(370,2650),(371,2651),(372,2652),(373,2653),(374,2654),(375,2655),(376,2656),(377,2657),(378,2658),(379,2659),(380,2660),(381,2661),(382,2662),(383,2663),(384,2664),(385,2665),(386,2666),(387,2667),(388,2668),(389,2669),(390,2670),(391,2671),(392,2672),(393,2673),(394,2674),(395,2675),(396,2676),(397,2677),(398,2678),(399,2679),(400,2680),(401,2681),(402,2682),(403,2683),(404,2684),(405,2685),(406,2686),(407,2687),(408,2688),(409,2689),(410,2690),(411,2691),(412,2692),(413,2693),(414,2694),(415,2695),(416,2696),(417,2697),(418,2698),(419,2699),(420,2700),(361,2701),(362,2702),(363,2703),(364,2704),(365,2705),(366,2706),(367,2707),(368,2708),(369,2709),(370,2710),(371,2711),(372,2712),(373,2713),(374,2714),(375,2715),(376,2716),(377,2717),(378,2718),(379,2719),(380,2720),(381,2721),(382,2722),(383,2723),(384,2724),(385,2725),(386,2726),(387,2727),(388,2728),(389,2729),(390,2730),(391,2731),(392,2732),(393,2733),(394,2734),(395,2735),(396,2736),(397,2737),(398,2738),(399,2739),(400,2740),(401,2741),(402,2742),(403,2743),(404,2744),(405,2745),(406,2746),(407,2747),(408,2748),(409,2749),(410,2750),(411,2751),(412,2752),(413,2753),(414,2754),(415,2755),(416,2756),(417,2757),(418,2758),(419,2759),(420,2760),(361,2761),(362,2762),(363,2763),(364,2764),(365,2765),(366,2766),(367,2767),(368,2768),(369,2769),(370,2770),(371,2771),(372,2772),(373,2773),(374,2774),(375,2775),(376,2776),(377,2777),(378,2778),(379,2779),(380,2780),(381,2781),(382,2782),(383,2783),(384,2784),(385,2785),(386,2786),(387,2787),(388,2788),(389,2789),(390,2790),(391,2791),(392,2792),(393,2793),(394,2794),(395,2795),(396,2796),(397,2797),(398,2798),(399,2799),(400,2800),(401,2801),(402,2802),(403,2803),(404,2804),(405,2805),(406,2806),(407,2807),(408,2808),(409,2809),(410,2810),(411,2811),(412,2812),(413,2813),(414,2814),(415,2815),(416,2816),(417,2817),(418,2818),(419,2819),(420,2820),(361,2821),(362,2822),(363,2823),(364,2824),(365,2825),(366,2826),(367,2827),(368,2828),(369,2829),(370,2830),(371,2831),(372,2832),(373,2833),(374,2834),(375,2835),(376,2836),(377,2837),(378,2838),(379,2839),(380,2840),(381,2841),(382,2842),(383,2843),(384,2844),(385,2845),(386,2846),(387,2847),(388,2848),(389,2849),(390,2850),(391,2851),(392,2852),(393,2853),(394,2854),(395,2855),(396,2856),(397,2857),(398,2858),(399,2859),(400,2860),(401,2861),(402,2862),(403,2863),(404,2864),(405,2865),(406,2866),(407,2867),(408,2868),(409,2869),(410,2870),(411,2871),(412,2872),(413,2873),(414,2874),(415,2875),(416,2876),(417,2877),(418,2878),(419,2879),(420,2880),(361,2881),(362,2882),(363,2883),(364,2884),(365,2885),(366,2886),(367,2887),(368,2888),(369,2889),(370,2890),(371,2891),(372,2892),(373,2893),(374,2894),(375,2895),(376,2896),(377,2897),(378,2898),(379,2899),(380,2900),(381,2901),(382,2902),(383,2903),(384,2904),(385,2905),(386,2906),(387,2907),(388,2908),(389,2909),(390,2910),(391,2911),(392,2912),(393,2913),(394,2914),(395,2915),(396,2916),(397,2917),(398,2918),(399,2919),(400,2920),(401,2921),(402,2922),(403,2923),(404,2924),(405,2925),(406,2926),(407,2927),(408,2928),(409,2929),(410,2930),(411,2931),(412,2932),(413,2933),(414,2934),(415,2935),(416,2936),(417,2937),(418,2938),(419,2939),(420,2940),(421,2941),(422,2942),(423,2943),(424,2944),(425,2945),(426,2946),(427,2947),(428,2948),(429,2949),(430,2950),(431,2951),(432,2952),(433,2953),(434,2954),(435,2955),(436,2956),(437,2957),(438,2958),(439,2959),(440,2960),(441,2961),(442,2962),(443,2963),(444,2964),(445,2965),(446,2966),(447,2967),(448,2968),(449,2969),(450,2970),(451,2971),(452,2972),(453,2973),(454,2974),(455,2975),(456,2976),(457,2977),(458,2978),(459,2979),(460,2980),(461,2981),(462,2982),(463,2983),(464,2984),(465,2985),(466,2986),(467,2987),(468,2988),(469,2989),(470,2990),(471,2991),(472,2992),(473,2993),(474,2994),(475,2995),(476,2996),(477,2997),(478,2998),(479,2999),(480,3000),(421,3001),(422,3002),(423,3003),(424,3004),(425,3005),(426,3006),(427,3007),(428,3008),(429,3009),(430,3010),(431,3011),(432,3012),(433,3013),(434,3014),(435,3015),(436,3016),(437,3017),(438,3018),(439,3019),(440,3020),(441,3021),(442,3022),(443,3023),(444,3024),(445,3025),(446,3026),(447,3027),(448,3028),(449,3029),(450,3030),(451,3031),(452,3032),(453,3033),(454,3034),(455,3035),(456,3036),(457,3037),(458,3038),(459,3039),(460,3040),(461,3041),(462,3042),(463,3043),(464,3044),(465,3045),(466,3046),(467,3047),(468,3048),(469,3049),(470,3050),(471,3051),(472,3052),(473,3053),(474,3054),(475,3055),(476,3056),(477,3057),(478,3058),(479,3059),(480,3060),(421,3061),(422,3062),(423,3063),(424,3064),(425,3065),(426,3066),(427,3067),(428,3068),(429,3069),(430,3070),(431,3071),(432,3072),(433,3073),(434,3074),(435,3075),(436,3076),(437,3077),(438,3078),(439,3079),(440,3080),(441,3081),(442,3082),(443,3083),(444,3084),(445,3085),(446,3086),(447,3087),(448,3088),(449,3089),(450,3090),(451,3091),(452,3092),(453,3093),(454,3094),(455,3095),(456,3096),(457,3097),(458,3098),(459,3099),(460,3100),(461,3101),(462,3102),(463,3103),(464,3104),(465,3105),(466,3106),(467,3107),(468,3108),(469,3109),(470,3110),(471,3111),(472,3112),(473,3113),(474,3114),(475,3115),(476,3116),(477,3117),(478,3118),(479,3119),(480,3120),(421,3121),(422,3122),(423,3123),(424,3124),(425,3125),(426,3126),(427,3127),(428,3128),(429,3129),(430,3130),(431,3131),(432,3132),(433,3133),(434,3134),(435,3135),(436,3136),(437,3137),(438,3138),(439,3139),(440,3140),(441,3141),(442,3142),(443,3143),(444,3144),(445,3145),(446,3146),(447,3147),(448,3148),(449,3149),(450,3150),(451,3151),(452,3152),(453,3153),(454,3154),(455,3155),(456,3156),(457,3157),(458,3158),(459,3159),(460,3160),(461,3161),(462,3162),(463,3163),(464,3164),(465,3165),(466,3166),(467,3167),(468,3168),(469,3169),(470,3170),(471,3171),(472,3172),(473,3173),(474,3174),(475,3175),(476,3176),(477,3177),(478,3178),(479,3179),(480,3180),(421,3181),(422,3182),(423,3183),(424,3184),(425,3185),(426,3186),(427,3187),(428,3188),(429,3189),(430,3190),(431,3191),(432,3192),(433,3193),(434,3194),(435,3195),(436,3196),(437,3197),(438,3198),(439,3199),(440,3200),(441,3201),(442,3202),(443,3203),(444,3204),(445,3205),(446,3206),(447,3207),(448,3208),(449,3209),(450,3210),(451,3211),(452,3212),(453,3213),(454,3214),(455,3215),(456,3216),(457,3217),(458,3218),(459,3219),(460,3220),(461,3221),(462,3222),(463,3223),(464,3224),(465,3225),(466,3226),(467,3227),(468,3228),(469,3229),(470,3230),(471,3231),(472,3232),(473,3233),(474,3234),(475,3235),(476,3236),(477,3237),(478,3238),(479,3239),(480,3240),(421,3241),(422,3242),(423,3243),(424,3244),(425,3245),(426,3246),(427,3247),(428,3248),(429,3249),(430,3250),(431,3251),(432,3252),(433,3253),(434,3254),(435,3255),(436,3256),(437,3257),(438,3258),(439,3259),(440,3260),(441,3261),(442,3262),(443,3263),(444,3264),(445,3265),(446,3266),(447,3267),(448,3268),(449,3269),(450,3270),(451,3271),(452,3272),(453,3273),(454,3274),(455,3275),(456,3276),(457,3277),(458,3278),(459,3279),(460,3280),(461,3281),(462,3282),(463,3283),(464,3284),(465,3285),(466,3286),(467,3287),(468,3288),(469,3289),(470,3290),(471,3291),(472,3292),(473,3293),(474,3294),(475,3295),(476,3296),(477,3297),(478,3298),(479,3299),(480,3300),(421,3301),(422,3302),(423,3303),(424,3304),(425,3305),(426,3306),(427,3307),(428,3308),(429,3309),(430,3310),(431,3311),(432,3312),(433,3313),(434,3314),(435,3315),(436,3316),(437,3317),(438,3318),(439,3319),(440,3320),(441,3321),(442,3322),(443,3323),(444,3324),(445,3325),(446,3326),(447,3327),(448,3328),(449,3329),(450,3330),(451,3331),(452,3332),(453,3333),(454,3334),(455,3335),(456,3336),(457,3337),(458,3338),(459,3339),(460,3340),(461,3341),(462,3342),(463,3343),(464,3344),(465,3345),(466,3346),(467,3347),(468,3348),(469,3349),(470,3350),(471,3351),(472,3352),(473,3353),(474,3354),(475,3355),(476,3356),(477,3357),(478,3358),(479,3359),(480,3360),(481,3361),(482,3362),(483,3363),(484,3364),(485,3365),(486,3366),(487,3367),(488,3368),(489,3369),(490,3370),(491,3371),(492,3372),(493,3373),(494,3374),(495,3375),(496,3376),(497,3377),(498,3378),(499,3379),(500,3380),(501,3381),(502,3382),(503,3383),(504,3384),(505,3385),(506,3386),(507,3387),(508,3388),(509,3389),(510,3390),(511,3391),(512,3392),(513,3393),(514,3394),(515,3395),(516,3396),(517,3397),(518,3398),(519,3399),(520,3400),(521,3401),(522,3402),(523,3403),(524,3404),(525,3405),(526,3406),(527,3407),(528,3408),(529,3409),(530,3410),(531,3411),(532,3412),(533,3413),(534,3414),(535,3415),(536,3416),(537,3417),(538,3418),(539,3419),(540,3420),(481,3421),(482,3422),(483,3423),(484,3424),(485,3425),(486,3426),(487,3427),(488,3428),(489,3429),(490,3430),(491,3431),(492,3432),(493,3433),(494,3434),(495,3435),(496,3436),(497,3437),(498,3438),(499,3439),(500,3440),(501,3441),(502,3442),(503,3443),(504,3444),(505,3445),(506,3446),(507,3447),(508,3448),(509,3449),(510,3450),(511,3451),(512,3452),(513,3453),(514,3454),(515,3455),(516,3456),(517,3457),(518,3458),(519,3459),(520,3460),(521,3461),(522,3462),(523,3463),(524,3464),(525,3465),(526,3466),(527,3467),(528,3468),(529,3469),(530,3470),(531,3471),(532,3472),(533,3473),(534,3474),(535,3475),(536,3476),(537,3477),(538,3478),(539,3479),(540,3480),(481,3481),(482,3482),(483,3483),(484,3484),(485,3485),(486,3486),(487,3487),(488,3488),(489,3489),(490,3490),(491,3491),(492,3492),(493,3493),(494,3494),(495,3495),(496,3496),(497,3497),(498,3498),(499,3499),(500,3500),(501,3501),(502,3502),(503,3503),(504,3504),(505,3505),(506,3506),(507,3507),(508,3508),(509,3509),(510,3510),(511,3511),(512,3512),(513,3513),(514,3514),(515,3515),(516,3516),(517,3517),(518,3518),(519,3519),(520,3520),(521,3521),(522,3522),(523,3523),(524,3524),(525,3525),(526,3526),(527,3527),(528,3528),(529,3529),(530,3530),(531,3531),(532,3532),(533,3533),(534,3534),(535,3535),(536,3536),(537,3537),(538,3538),(539,3539),(540,3540),(481,3541),(482,3542),(483,3543),(484,3544),(485,3545),(486,3546),(487,3547),(488,3548),(489,3549),(490,3550),(491,3551),(492,3552),(493,3553),(494,3554),(495,3555),(496,3556),(497,3557),(498,3558),(499,3559),(500,3560),(501,3561),(502,3562),(503,3563),(504,3564),(505,3565),(506,3566),(507,3567),(508,3568),(509,3569),(510,3570),(511,3571),(512,3572),(513,3573),(514,3574),(515,3575),(516,3576),(517,3577),(518,3578),(519,3579),(520,3580),(521,3581),(522,3582),(523,3583),(524,3584),(525,3585),(526,3586),(527,3587),(528,3588),(529,3589),(530,3590),(531,3591),(532,3592),(533,3593),(534,3594),(535,3595),(536,3596),(537,3597),(538,3598),(539,3599),(540,3600),(481,3601),(482,3602),(483,3603),(484,3604),(485,3605),(486,3606),(487,3607),(488,3608),(489,3609),(490,3610),(491,3611),(492,3612),(493,3613),(494,3614),(495,3615),(496,3616),(497,3617),(498,3618),(499,3619),(500,3620),(501,3621),(502,3622),(503,3623),(504,3624),(505,3625),(506,3626),(507,3627),(508,3628),(509,3629),(510,3630),(511,3631),(512,3632),(513,3633),(514,3634),(515,3635),(516,3636),(517,3637),(518,3638),(519,3639),(520,3640),(521,3641),(522,3642),(523,3643),(524,3644),(525,3645),(526,3646),(527,3647),(528,3648),(529,3649),(530,3650),(531,3651),(532,3652),(533,3653),(534,3654),(535,3655),(536,3656),(537,3657),(538,3658),(539,3659),(540,3660),(481,3661),(482,3662),(483,3663),(484,3664),(485,3665),(486,3666),(487,3667),(488,3668),(489,3669),(490,3670),(491,3671),(492,3672),(493,3673),(494,3674),(495,3675),(496,3676),(497,3677),(498,3678),(499,3679),(500,3680),(501,3681),(502,3682),(503,3683),(504,3684),(505,3685),(506,3686),(507,3687),(508,3688),(509,3689),(510,3690),(511,3691),(512,3692),(513,3693),(514,3694),(515,3695),(516,3696),(517,3697),(518,3698),(519,3699),(520,3700),(521,3701),(522,3702),(523,3703),(524,3704),(525,3705),(526,3706),(527,3707),(528,3708),(529,3709),(530,3710),(531,3711),(532,3712),(533,3713),(534,3714),(535,3715),(536,3716),(537,3717),(538,3718),(539,3719),(540,3720),(481,3721),(482,3722),(483,3723),(484,3724),(485,3725),(486,3726),(487,3727),(488,3728),(489,3729),(490,3730),(491,3731),(492,3732),(493,3733),(494,3734),(495,3735),(496,3736),(497,3737),(498,3738),(499,3739),(500,3740),(501,3741),(502,3742),(503,3743),(504,3744),(505,3745),(506,3746),(507,3747),(508,3748),(509,3749),(510,3750),(511,3751),(512,3752),(513,3753),(514,3754),(515,3755),(516,3756),(517,3757),(518,3758),(519,3759),(520,3760),(521,3761),(522,3762),(523,3763),(524,3764),(525,3765),(526,3766),(527,3767),(528,3768),(529,3769),(530,3770),(531,3771),(532,3772),(533,3773),(534,3774),(535,3775),(536,3776),(537,3777),(538,3778),(539,3779),(540,3780);
/*!40000 ALTER TABLE `contenir` ENABLE KEYS */;
UNLOCK TABLES;

--
-- Table structure for table `données`
--

DROP TABLE IF EXISTS `données`;
/*!40101 SET @saved_cs_client     = @@character_set_client */;
/*!50503 SET character_set_client = utf8mb4 */;
CREATE TABLE `données` (
  `id_Données` int NOT NULL AUTO_INCREMENT,
  `Mesure_ppm` double DEFAULT NULL,
  `Date_relevé` date DEFAULT NULL,
  `Id_Capteur_` int NOT NULL,
  PRIMARY KEY (`id_Données`),
  KEY `Id_Capteur_` (`Id_Capteur_`),
  CONSTRAINT `données_ibfk_2` FOREIGN KEY (`Id_Capteur_`) REFERENCES `capteur` (`Id_Capteur_`)
) ENGINE=InnoDB AUTO_INCREMENT=3781 DEFAULT CHARSET=utf8mb4 COLLATE=utf8mb4_0900_ai_ci;
/*!40101 SET character_set_client = @saved_cs_client */;

--
-- Dumping data for table `données`
--

LOCK TABLES `données` WRITE;
/*!40000 ALTER TABLE `données` DISABLE KEYS */;
INSERT INTO `données` VALUES (1,428,'2015-11-01',1),(2,12.375,'2015-11-01',2),(3,1.821,'2015-11-01',3),(4,0.000678,'2015-11-01',4),(5,0.000342,'2015-11-01',5),(6,0.000126,'2015-11-01',6),(7,532,'2015-11-01',7),(8,3.57,'2015-11-01',8),(9,0.327,'2015-11-01',9),(10,0.0019,'2015-11-01',10),(11,0.000198,'2015-11-01',11),(12,0.0427,'2015-11-01',12),(13,422,'2015-11-01',13),(14,8.249,'2015-11-01',14),(15,1.723,'2015-11-01',15),(16,0.000987,'2015-11-01',16),(17,0.000485,'2015-11-01',17),(18,0.000215,'2015-11-01',18),(19,598,'2015-11-01',19),(20,3.89,'2015-11-01',20),(21,0.421,'2015-11-01',21),(22,0.0023,'2015-11-01',22),(23,0.000217,'2015-11-01',23),(24,0.0385,'2015-11-01',24),(25,473,'2015-11-01',25),(26,9.753,'2015-11-01',26),(27,1.932,'2015-11-01',27),(28,0.000654,'2015-11-01',28),(29,0.000398,'2015-11-01',29),(30,0.000149,'2015-11-01',30),(31,577,'2015-11-01',31),(32,3.14,'2015-11-01',32),(33,0.312,'2015-11-01',33),(34,0.0028,'2015-11-01',34),(35,0.000198,'2015-11-01',35),(36,0.0564,'2015-11-01',36),(37,465,'2015-11-01',37),(38,11.625,'2015-11-01',38),(39,1.776,'2015-11-01',39),(40,0.000812,'2015-11-01',40),(41,0.000367,'2015-11-01',41),(42,0.000179,'2015-11-01',42),(43,612,'2015-11-01',43),(44,3.26,'2015-11-01',44),(45,0.333,'2015-11-01',45),(46,0.0026,'2015-11-01',46),(47,0.000329,'2015-11-01',47),(48,0.0743,'2015-11-01',48),(49,438,'2015-11-01',49),(50,10.254,'2015-11-01',50),(51,1.555,'2015-11-01',51),(52,0.000721,'2015-11-01',52),(53,0.000467,'2015-11-01',53),(54,0.000187,'2015-11-01',54),(55,541,'2015-11-01',55),(56,3.42,'2015-11-01',56),(57,0.404,'2015-11-01',57),(58,0.0025,'2015-11-01',58),(59,0.000294,'2015-11-01',59),(60,0.0834,'2015-11-01',60),(61,415,'2015-12-01',1),(62,7.789,'2015-12-01',2),(63,1.999,'2015-12-01',3),(64,0.000845,'2015-12-01',4),(65,0.000282,'2015-12-01',5),(66,0.000215,'2015-12-01',6),(67,622,'2015-12-01',7),(68,3.71,'2015-12-01',8),(69,0.477,'2015-12-01',9),(70,0.0022,'2015-12-01',10),(71,0.000307,'2015-12-01',11),(72,0.0653,'2015-12-01',12),(73,489,'2015-12-01',13),(74,8.512,'2015-12-01',14),(75,1.657,'2015-12-01',15),(76,0.000543,'2015-12-01',16),(77,0.000318,'2015-12-01',17),(78,0.000172,'2015-12-01',18),(79,590,'2015-12-01',19),(80,3.65,'2015-12-01',20),(81,0.318,'2015-12-01',21),(82,0.0027,'2015-12-01',22),(83,0.000178,'2015-12-01',23),(84,0.0987,'2015-12-01',24),(85,428,'2015-12-01',25),(86,13.875,'2015-12-01',26),(87,1.945,'2015-12-01',27),(88,0.000723,'2015-12-01',28),(89,0.000389,'2015-12-01',29),(90,0.000139,'2015-12-01',30),(91,532,'2015-12-01',31),(92,3.57,'2015-12-01',32),(93,0.382,'2015-12-01',33),(94,0.0018,'2015-12-01',34),(95,0.000217,'2015-12-01',35),(96,0.0527,'2015-12-01',36),(97,422,'2015-12-01',37),(98,10.963,'2015-12-01',38),(99,1.823,'2015-12-01',39),(100,0.000865,'2015-12-01',40),(101,0.000567,'2015-12-01',41),(102,0.000259,'2015-12-01',42),(103,598,'2015-12-01',43),(104,3.89,'2015-12-01',44),(105,0.496,'2015-12-01',45),(106,0.0029,'2015-12-01',46),(107,0.000328,'2015-12-01',47),(108,0.0365,'2015-12-01',48),(109,473,'2015-12-01',49),(110,9.285,'2015-12-01',50),(111,1.751,'2015-12-01',51),(112,0.000742,'2015-12-01',52),(113,0.000428,'2015-12-01',53),(114,0.000198,'2015-12-01',54),(115,577,'2015-12-01',55),(116,3.14,'2015-12-01',56),(117,0.331,'2015-12-01',57),(118,0.0024,'2015-12-01',58),(119,0.000179,'2015-12-01',59),(120,0.0684,'2015-12-01',60),(121,465,'2016-01-01',1),(122,11.764,'2016-01-01',2),(123,1.679,'2016-01-01',3),(124,0.000923,'2016-01-01',4),(125,0.000398,'2016-01-01',5),(126,0.000218,'2016-01-01',6),(127,612,'2016-01-01',7),(128,3.26,'2016-01-01',8),(129,0.398,'2016-01-01',9),(130,0.0023,'2016-01-01',10),(131,0.000379,'2016-01-01',11),(132,0.0873,'2016-01-01',12),(133,438,'2016-01-01',13),(134,12.587,'2016-01-01',14),(135,1.832,'2016-01-01',15),(136,0.000621,'2016-01-01',16),(137,0.000453,'2016-01-01',17),(138,0.000197,'2016-01-01',18),(139,541,'2016-01-01',19),(140,3.42,'2016-01-01',20),(141,0.433,'2016-01-01',21),(142,0.0028,'2016-01-01',22),(143,0.000247,'2016-01-01',23),(144,0.0924,'2016-01-01',24),(145,415,'2016-01-01',25),(146,8.743,'2016-01-01',26),(147,1.577,'2016-01-01',27),(148,0.000745,'2016-01-01',28),(149,0.000312,'2016-01-01',29),(150,0.000208,'2016-01-01',30),(151,622,'2016-01-01',31),(152,3.71,'2016-01-01',32),(153,0.513,'2016-01-01',33),(154,0.0027,'2016-01-01',34),(155,0.000285,'2016-01-01',35),(156,0.0735,'2016-01-01',36),(157,489,'2016-01-01',37),(158,11.204,'2016-01-01',38),(159,1.986,'2016-01-01',39),(160,0.000654,'2016-01-01',40),(161,0.000398,'2016-01-01',41),(162,0.000158,'2016-01-01',42),(163,590,'2016-01-01',43),(164,3.65,'2016-01-01',44),(165,0.389,'2016-01-01',45),(166,0.0026,'2016-01-01',46),(167,0.000198,'2016-01-01',47),(168,0.0678,'2016-01-01',48),(169,429,'2016-01-01',49),(170,11.207,'2016-01-01',50),(171,1.724,'2016-01-01',51),(172,0.000689,'2016-01-01',52),(173,0.000315,'2016-01-01',53),(174,0.000134,'2016-01-01',54),(175,533,'2016-01-01',55),(176,3.68,'2016-01-01',56),(177,0.349,'2016-01-01',57),(178,0.0021,'2016-01-01',58),(179,0.000239,'2016-01-01',59),(180,0.0456,'2016-01-01',60),(181,423,'2016-02-01',1),(182,9.815,'2016-02-01',2),(183,1.879,'2016-02-01',3),(184,0.000976,'2016-02-01',4),(185,0.000432,'2016-02-01',5),(186,0.000198,'2016-02-01',6),(187,599,'2016-02-01',7),(188,3.96,'2016-02-01',8),(189,0.435,'2016-02-01',9),(190,0.0024,'2016-02-01',10),(191,0.000197,'2016-02-01',11),(192,0.0392,'2016-02-01',12),(193,474,'2016-02-01',13),(194,10.057,'2016-02-01',14),(195,1.862,'2016-02-01',15),(196,0.000742,'2016-02-01',16),(197,0.000387,'2016-02-01',17),(198,0.000168,'2016-02-01',18),(199,578,'2016-02-01',19),(200,3.28,'2016-02-01',20),(201,0.324,'2016-02-01',21),(202,0.0025,'2016-02-01',22),(203,0.000187,'2016-02-01',23),(204,0.0538,'2016-02-01',24),(205,466,'2016-02-01',25),(206,11.983,'2016-02-01',26),(207,1.809,'2016-02-01',27),(208,0.000834,'2016-02-01',28),(209,0.000398,'2016-02-01',29),(210,0.000189,'2016-02-01',30),(211,613,'2016-02-01',31),(212,3.42,'2016-02-01',32),(213,0.376,'2016-02-01',33),(214,0.0027,'2016-02-01',34),(215,0.000309,'2016-02-01',35),(216,0.0675,'2016-02-01',36),(217,439,'2016-02-01',37),(218,10.537,'2016-02-01',38),(219,1.599,'2016-02-01',39),(220,0.000712,'2016-02-01',40),(221,0.000488,'2016-02-01',41),(222,0.000207,'2016-02-01',42),(223,542,'2016-02-01',43),(224,3.51,'2016-02-01',44),(225,0.421,'2016-02-01',45),(226,0.0026,'2016-02-01',46),(227,0.000274,'2016-02-01',47),(228,0.0812,'2016-02-01',48),(229,416,'2016-02-01',49),(230,8.901,'2016-02-01',50),(231,1.963,'2016-02-01',51),(232,0.000875,'2016-02-01',52),(233,0.000297,'2016-02-01',53),(234,0.000228,'2016-02-01',54),(235,623,'2016-02-01',55),(236,3.84,'2016-02-01',56),(237,0.487,'2016-02-01',57),(238,0.0023,'2016-02-01',58),(239,0.000324,'2016-02-01',59),(240,0.0627,'2016-02-01',60),(241,490,'2016-03-01',1),(242,8.723,'2016-03-01',2),(243,1.685,'2016-03-01',3),(244,0.000523,'2016-03-01',4),(245,0.000328,'2016-03-01',5),(246,0.000189,'2016-03-01',6),(247,591,'2016-03-01',7),(248,3.79,'2016-03-01',8),(249,0.328,'2016-03-01',9),(250,0.0028,'2016-03-01',10),(251,0.000189,'2016-03-01',11),(252,0.0963,'2016-03-01',12),(253,430,'2016-03-01',13),(254,14.342,'2016-03-01',14),(255,1.895,'2016-03-01',15),(256,0.000743,'2016-03-01',16),(257,0.000412,'2016-03-01',17),(258,0.000159,'2016-03-01',18),(259,533,'2016-03-01',19),(260,3.68,'2016-03-01',20),(261,0.397,'2016-03-01',21),(262,0.002,'2016-03-01',22),(263,0.000208,'2016-03-01',23),(264,0.0562,'2016-03-01',24),(265,423,'2016-03-01',25),(266,11.124,'2016-03-01',26),(267,1.765,'2016-03-01',27),(268,0.000865,'2016-03-01',28),(269,0.000587,'2016-03-01',29),(270,0.000268,'2016-03-01',30),(271,599,'2016-03-01',31),(272,3.96,'2016-03-01',32),(273,0.512,'2016-03-01',33),(274,0.0028,'2016-03-01',34),(275,0.000347,'2016-03-01',35),(276,0.0385,'2016-03-01',36),(277,475,'2016-03-01',37),(278,9.531,'2016-03-01',38),(279,1.672,'2016-03-01',39),(280,0.000712,'2016-03-01',40),(281,0.000438,'2016-03-01',41),(282,0.000207,'2016-03-01',42),(283,578,'2016-03-01',43),(284,3.28,'2016-03-01',44),(285,0.349,'2016-03-01',45),(286,0.0023,'2016-03-01',46),(287,0.000178,'2016-03-01',47),(288,0.0714,'2016-03-01',48),(289,466,'2016-03-01',49),(290,12.455,'2016-03-01',50),(291,1.741,'2016-03-01',51),(292,0.000913,'2016-03-01',52),(293,0.000417,'2016-03-01',53),(294,0.000238,'2016-03-01',54),(295,613,'2016-03-01',55),(296,3.42,'2016-03-01',56),(297,0.413,'2016-03-01',57),(298,0.0022,'2016-03-01',58),(299,0.000349,'2016-03-01',59),(300,0.0897,'2016-03-01',60),(301,439,'2016-04-01',1),(302,13.298,'2016-04-01',2),(303,1.911,'2016-04-01',3),(304,0.000601,'2016-04-01',4),(305,0.000483,'2016-04-01',5),(306,0.000207,'2016-04-01',6),(307,542,'2016-04-01',7),(308,3.51,'2016-04-01',8),(309,0.442,'2016-04-01',9),(310,0.0027,'2016-04-01',10),(311,0.000257,'2016-04-01',11),(312,0.0945,'2016-04-01',12),(313,416,'2016-04-01',13),(314,9.674,'2016-04-01',14),(315,1.622,'2016-04-01',15),(316,0.000765,'2016-04-01',16),(317,0.000328,'2016-04-01',17),(318,0.000218,'2016-04-01',18),(319,623,'2016-04-01',19),(320,3.84,'2016-04-01',20),(321,0.529,'2016-04-01',21),(322,0.0026,'2016-04-01',22),(323,0.000295,'2016-04-01',23),(324,0.0712,'2016-04-01',24),(325,490,'2016-04-01',25),(326,11.809,'2016-04-01',26),(327,1.875,'2016-04-01',27),(328,0.000712,'2016-04-01',28),(329,0.000398,'2016-04-01',29),(330,0.000169,'2016-04-01',30),(331,591,'2016-04-01',31),(332,3.79,'2016-04-01',32),(333,0.406,'2016-04-01',33),(334,0.0025,'2016-04-01',34),(335,0.000207,'2016-04-01',35),(336,0.0718,'2016-04-01',36),(337,431,'2016-04-01',37),(338,12.075,'2016-04-01',38),(339,1.743,'2016-04-01',39),(340,0.000723,'2016-04-01',40),(341,0.000326,'2016-04-01',41),(342,0.000145,'2016-04-01',42),(343,534,'2016-04-01',43),(344,3.72,'2016-04-01',44),(345,0.362,'2016-04-01',45),(346,0.0022,'2016-04-01',46),(347,0.000258,'2016-04-01',47),(348,0.0489,'2016-04-01',48),(349,424,'2016-04-01',49),(350,10.698,'2016-04-01',50),(351,1.945,'2016-04-01',51),(352,0.000987,'2016-04-01',52),(353,0.000442,'2016-04-01',53),(354,0.000208,'2016-04-01',54),(355,600,'2016-04-01',55),(356,4.05,'2016-04-01',56),(357,0.451,'2016-04-01',57),(358,0.0025,'2016-04-01',58),(359,0.000208,'2016-04-01',59),(360,0.0416,'2016-04-01',60),(361,476,'2016-05-01',1),(362,9.843,'2016-05-01',2),(363,1.842,'2016-05-01',3),(364,0.000765,'2016-05-01',4),(365,0.000397,'2016-05-01',5),(366,0.000178,'2016-05-01',6),(367,579,'2016-05-01',7),(368,3.35,'2016-05-01',8),(369,0.335,'2016-05-01',9),(370,0.0024,'2016-05-01',10),(371,0.000198,'2016-05-01',11),(372,0.0507,'2016-05-01',12),(373,467,'2016-05-01',13),(374,12.154,'2016-05-01',14),(375,1.832,'2016-05-01',15),(376,0.000845,'2016-05-01',16),(377,0.000409,'2016-05-01',17),(378,0.000199,'2016-05-01',18),(379,614,'2016-05-01',19),(380,3.48,'2016-05-01',20),(381,0.387,'2016-05-01',21),(382,0.0028,'2016-05-01',22),(383,0.000319,'2016-05-01',23),(384,0.0632,'2016-05-01',24),(385,440,'2016-05-01',25),(386,10.821,'2016-05-01',26),(387,1.632,'2016-05-01',27),(388,0.000732,'2016-05-01',28),(389,0.000498,'2016-05-01',29),(390,0.000215,'2016-05-01',30),(391,543,'2016-05-01',31),(392,3.61,'2016-05-01',32),(393,0.412,'2016-05-01',33),(394,0.0027,'2016-05-01',34),(395,0.000285,'2016-05-01',35),(396,0.0796,'2016-05-01',36),(397,417,'2016-05-01',37),(398,9.032,'2016-05-01',38),(399,1.987,'2016-05-01',39),(400,0.000865,'2016-05-01',40),(401,0.000312,'2016-05-01',41),(402,0.000238,'2016-05-01',42),(403,624,'2016-05-01',43),(404,3.91,'2016-05-01',44),(405,0.496,'2016-05-01',45),(406,0.0024,'2016-05-01',46),(407,0.000334,'2016-05-01',47),(408,0.0643,'2016-05-01',48),(409,491,'2016-05-01',49),(410,9.345,'2016-05-01',50),(411,1.712,'2016-05-01',51),(412,0.000533,'2016-05-01',52),(413,0.000338,'2016-05-01',53),(414,0.000198,'2016-05-01',54),(415,592,'2016-05-01',55),(416,3.81,'2016-05-01',56),(417,0.335,'2016-05-01',57),(418,0.0027,'2016-05-01',58),(419,0.000198,'2016-05-01',59),(420,0.0942,'2016-05-01',60),(421,432,'2016-11-01',1),(422,14.588,'2016-11-01',2),(423,1.925,'2016-11-01',3),(424,0.000763,'2016-11-01',4),(425,0.000422,'2016-11-01',5),(426,0.000169,'2016-11-01',6),(427,534,'2016-11-01',7),(428,3.72,'2016-11-01',8),(429,0.379,'2016-11-01',9),(430,0.0021,'2016-11-01',10),(431,0.000218,'2016-11-01',11),(432,0.0598,'2016-11-01',12),(433,424,'2016-11-01',13),(434,11.285,'2016-11-01',14),(435,1.786,'2016-11-01',15),(436,0.000843,'2016-11-01',16),(437,0.000587,'2016-11-01',17),(438,0.000278,'2016-11-01',18),(439,600,'2016-11-01',19),(440,4.05,'2016-11-01',20),(441,0.526,'2016-11-01',21),(442,0.0029,'2016-11-01',22),(443,0.000358,'2016-11-01',23),(444,0.0345,'2016-11-01',24),(445,477,'2016-11-01',25),(446,9.764,'2016-11-01',26),(447,1.703,'2016-11-01',27),(448,0.000721,'2016-11-01',28),(449,0.000458,'2016-11-01',29),(450,0.000218,'2016-11-01',30),(451,579,'2016-11-01',31),(452,3.35,'2016-11-01',32),(453,0.362,'2016-11-01',33),(454,0.0023,'2016-11-01',34),(455,0.000188,'2016-11-01',35),(456,0.0731,'2016-11-01',36),(457,467,'2016-11-01',37),(458,12.896,'2016-11-01',38),(459,1.811,'2016-11-01',39),(460,0.000943,'2016-11-01',40),(461,0.000438,'2016-11-01',41),(462,0.000228,'2016-11-01',42),(463,614,'2016-11-01',43),(464,3.48,'2016-11-01',44),(465,0.403,'2016-11-01',45),(466,0.0022,'2016-11-01',46),(467,0.000369,'2016-11-01',47),(468,0.0852,'2016-11-01',48),(469,440,'2016-11-01',49),(470,13.421,'2016-11-01',50),(471,1.945,'2016-11-01',51),(472,0.000621,'2016-11-01',52),(473,0.000503,'2016-11-01',53),(474,0.000208,'2016-11-01',54),(475,543,'2016-11-01',55),(476,3.61,'2016-11-01',56),(477,0.451,'2016-11-01',57),(478,0.0028,'2016-11-01',58),(479,0.000267,'2016-11-01',59),(480,0.0983,'2016-11-01',60),(481,417,'2016-12-01',1),(482,9.968,'2016-12-01',2),(483,1.648,'2016-12-01',3),(484,0.000785,'2016-12-01',4),(485,0.000342,'2016-12-01',5),(486,0.000228,'2016-12-01',6),(487,624,'2016-12-01',7),(488,3.91,'2016-12-01',8),(489,0.538,'2016-12-01',9),(490,0.0026,'2016-12-01',10),(491,0.000305,'2016-12-01',11),(492,0.0679,'2016-12-01',12),(493,491,'2016-12-01',13),(494,12.012,'2016-12-01',14),(495,1.845,'2016-12-01',15),(496,0.000721,'2016-12-01',16),(497,0.000409,'2016-12-01',17),(498,0.000179,'2016-12-01',18),(499,592,'2016-12-01',19),(500,3.81,'2016-12-01',20),(501,0.419,'2016-12-01',21),(502,0.0025,'2016-12-01',22),(503,0.000208,'2016-12-01',23),(504,0.0734,'2016-12-01',24),(505,433,'2016-12-01',25),(506,11.398,'2016-12-01',26),(507,1.765,'2016-12-01',27),(508,0.000709,'2016-12-01',28),(509,0.000326,'2016-12-01',29),(510,0.000156,'2016-12-01',30),(511,535,'2016-12-01',31),(512,3.85,'2016-12-01',32),(513,0.376,'2016-12-01',33),(514,0.0023,'2016-12-01',34),(515,0.000278,'2016-12-01',35),(516,0.0521,'2016-12-01',36),(517,425,'2016-12-01',37),(518,10.527,'2016-12-01',38),(519,1.912,'2016-12-01',39),(520,0.000998,'2016-12-01',40),(521,0.000457,'2016-12-01',41),(522,0.000218,'2016-12-01',42),(523,601,'2016-12-01',43),(524,4.18,'2016-12-01',44),(525,0.467,'2016-12-01',45),(526,0.0026,'2016-12-01',46),(527,0.000218,'2016-12-01',47),(528,0.0439,'2016-12-01',48),(529,478,'2016-12-01',49),(530,10.127,'2016-12-01',50),(531,1.882,'2016-12-01',51),(532,0.000786,'2016-12-01',52),(533,0.000407,'2016-12-01',53),(534,0.000188,'2016-12-01',54),(535,580,'2016-12-01',55),(536,3.42,'2016-12-01',56),(537,0.345,'2016-12-01',57),(538,0.0025,'2016-12-01',58),(539,0.000208,'2016-12-01',59),(540,0.0573,'2016-12-01',60),(541,468,'2017-01-01',1),(542,13.265,'2017-01-01',2),(543,1.856,'2017-01-01',3),(544,0.000856,'2017-01-01',4),(545,0.000426,'2017-01-01',5),(546,0.000209,'2017-01-01',6),(547,615,'2017-01-01',7),(548,3.56,'2017-01-01',8),(549,0.398,'2017-01-01',9),(550,0.0029,'2017-01-01',10),(551,0.000329,'2017-01-01',11),(552,0.0656,'2017-01-01',12),(553,441,'2017-01-01',13),(554,11.029,'2017-01-01',14),(555,1.665,'2017-01-01',15),(556,0.000752,'2017-01-01',16),(557,0.000513,'2017-01-01',17),(558,0.000226,'2017-01-01',18),(559,544,'2017-01-01',19),(560,3.72,'2017-01-01',20),(561,0.401,'2017-01-01',21),(562,0.0028,'2017-01-01',22),(563,0.000296,'2017-01-01',23),(564,0.0782,'2017-01-01',24),(565,418,'2017-01-01',25),(566,9.321,'2017-01-01',26),(567,1.975,'2017-01-01',27),(568,0.000895,'2017-01-01',28),(569,0.000327,'2017-01-01',29),(570,0.000248,'2017-01-01',30),(571,625,'2017-01-01',31),(572,4.03,'2017-01-01',32),(573,0.507,'2017-01-01',33),(574,0.0025,'2017-01-01',34),(575,0.000344,'2017-01-01',35),(576,0.0659,'2017-01-01',36),(577,492,'2017-01-01',37),(578,9.567,'2017-01-01',38),(579,1.729,'2017-01-01',39),(580,0.000543,'2017-01-01',40),(581,0.000358,'2017-01-01',41),(582,0.000208,'2017-01-01',42),(583,593,'2017-01-01',43),(584,3.94,'2017-01-01',44),(585,0.342,'2017-01-01',45),(586,0.0026,'2017-01-01',46),(587,0.000208,'2017-01-01',47),(588,0.0921,'2017-01-01',48),(589,434,'2017-01-01',49),(590,14.183,'2017-01-01',50),(591,1.956,'2017-01-01',51),(592,0.000783,'2017-01-01',52),(593,0.000432,'2017-01-01',53),(594,0.000179,'2017-01-01',54),(595,535,'2017-01-01',55),(596,3.85,'2017-01-01',56),(597,0.392,'2017-01-01',57),(598,0.0022,'2017-01-01',58),(599,0.000228,'2017-01-01',59),(600,0.0627,'2017-01-01',60),(601,425,'2017-02-01',1),(602,11.463,'2017-02-01',2),(603,1.807,'2017-02-01',3),(604,0.000821,'2017-02-01',4),(605,0.000607,'2017-02-01',5),(606,0.000288,'2017-02-01',6),(607,601,'2017-02-01',7),(608,4.18,'2017-02-01',8),(609,0.541,'2017-02-01',9),(610,0.0029,'2017-02-01',10),(611,0.000368,'2017-02-01',11),(612,0.0356,'2017-02-01',12),(613,479,'2017-02-01',13),(614,9.985,'2017-02-01',14),(615,1.724,'2017-02-01',15),(616,0.000731,'2017-02-01',16),(617,0.000468,'2017-02-01',17),(618,0.000228,'2017-02-01',18),(619,580,'2017-02-01',19),(620,3.42,'2017-02-01',20),(621,0.376,'2017-02-01',21),(622,0.0023,'2017-02-01',22),(623,0.000198,'2017-02-01',23),(624,0.0752,'2017-02-01',24),(625,468,'2017-02-01',25),(626,13.589,'2017-02-01',26),(627,1.832,'2017-02-01',27),(628,0.000963,'2017-02-01',28),(629,0.000448,'2017-02-01',29),(630,0.000238,'2017-02-01',30),(631,615,'2017-02-01',31),(632,3.56,'2017-02-01',32),(633,0.414,'2017-02-01',33),(634,0.0022,'2017-02-01',34),(635,0.000389,'2017-02-01',35),(636,0.0891,'2017-02-01',36),(637,441,'2017-02-01',37),(638,13.824,'2017-02-01',38),(639,1.978,'2017-02-01',39),(640,0.000641,'2017-02-01',40),(641,0.000523,'2017-02-01',41),(642,0.000208,'2017-02-01',42),(643,544,'2017-02-01',43),(644,3.72,'2017-02-01',44),(645,0.461,'2017-02-01',45),(646,0.0027,'2017-02-01',46),(647,0.000277,'2017-02-01',47),(648,0.0957,'2017-02-01',48),(649,418,'2017-02-01',49),(650,10.456,'2017-02-01',50),(651,1.672,'2017-02-01',51),(652,0.000805,'2017-02-01',52),(653,0.000357,'2017-02-01',53),(654,0.000238,'2017-02-01',54),(655,625,'2017-02-01',55),(656,4.03,'2017-02-01',56),(657,0.552,'2017-02-01',57),(658,0.0027,'2017-02-01',58),(659,0.000315,'2017-02-01',59),(660,0.0695,'2017-02-01',60),(661,492,'2017-03-01',1),(662,12.344,'2017-03-01',2),(663,1.895,'2017-03-01',3),(664,0.000731,'2017-03-01',4),(665,0.000426,'2017-03-01',5),(666,0.000189,'2017-03-01',6),(667,593,'2017-03-01',7),(668,3.94,'2017-03-01',8),(669,0.369,'2017-03-01',9),(670,0.0025,'2017-03-01',10),(671,0.000218,'2017-03-01',11),(672,0.0749,'2017-03-01',12),(673,435,'2017-03-01',13),(674,11.764,'2017-03-01',14),(675,1.788,'2017-03-01',15),(676,0.000732,'2017-03-01',16),(677,0.000339,'2017-03-01',17),(678,0.000165,'2017-03-01',18),(679,536,'2017-03-01',19),(680,3.91,'2017-03-01',20),(681,0.389,'2017-03-01',21),(682,0.0024,'2017-03-01',22),(683,0.000298,'2017-03-01',23),(684,0.0554,'2017-03-01',24),(685,426,'2017-03-01',25),(686,10.953,'2017-03-01',26),(687,1.978,'2017-03-01',27),(688,0.001005,'2017-03-01',28),(689,0.000472,'2017-03-01',29),(690,0.000228,'2017-03-01',30),(691,602,'2017-03-01',31),(692,4.31,'2017-03-01',32),(693,0.483,'2017-03-01',33),(694,0.0027,'2017-03-01',34),(695,0.000228,'2017-03-01',35),(696,0.0463,'2017-03-01',36),(697,480,'2017-03-01',37),(698,10.389,'2017-03-01',38),(699,1.915,'2017-03-01',39),(700,0.000807,'2017-03-01',40),(701,0.000417,'2017-03-01',41),(702,0.000198,'2017-03-01',42),(703,581,'2017-03-01',43),(704,3.55,'2017-03-01',44),(705,0.356,'2017-03-01',45),(706,0.0026,'2017-03-01',46),(707,0.000218,'2017-03-01',47),(708,0.0589,'2017-03-01',48),(709,469,'2017-03-01',49),(710,13.732,'2017-03-01',50),(711,1.889,'2017-03-01',51),(712,0.000867,'2017-03-01',52),(713,0.000435,'2017-03-01',53),(714,0.000219,'2017-03-01',54),(715,616,'2017-03-01',55),(716,3.67,'2017-03-01',56),(717,0.409,'2017-03-01',57),(718,0.0029,'2017-03-01',58),(719,0.000339,'2017-03-01',59),(720,0.0687,'2017-03-01',60),(721,442,'2017-04-01',1),(722,11.237,'2017-04-01',2),(723,1.698,'2017-04-01',3),(724,0.000772,'2017-04-01',4),(725,0.000528,'2017-04-01',5),(726,0.000236,'2017-04-01',6),(727,545,'2017-04-01',7),(728,3.85,'2017-04-01',8),(729,0.422,'2017-04-01',9),(730,0.0029,'2017-04-01',10),(731,0.000307,'2017-04-01',11),(732,0.0768,'2017-04-01',12),(733,419,'2017-04-01',13),(734,9.615,'2017-04-01',14),(735,1.963,'2017-04-01',15),(736,0.000915,'2017-04-01',16),(737,0.000342,'2017-04-01',17),(738,0.000258,'2017-04-01',18),(739,626,'2017-04-01',19),(740,4.21,'2017-04-01',20),(741,0.518,'2017-04-01',21),(742,0.0026,'2017-04-01',22),(743,0.000354,'2017-04-01',23),(744,0.0674,'2017-04-01',24),(745,493,'2017-04-01',25),(746,9.789,'2017-04-01',26),(747,1.742,'2017-04-01',27),(748,0.000563,'2017-04-01',28),(749,0.000378,'2017-04-01',29),(750,0.000218,'2017-04-01',30),(751,594,'2017-04-01',31),(752,4.07,'2017-04-01',32),(753,0.356,'2017-04-01',33),(754,0.0027,'2017-04-01',34),(755,0.000218,'2017-04-01',35),(756,0.0899,'2017-04-01',36),(757,436,'2017-04-01',37),(758,14.458,'2017-04-01',38),(759,1.998,'2017-04-01',39),(760,0.000803,'2017-04-01',40),(761,0.000442,'2017-04-01',41),(762,0.000188,'2017-04-01',42),(763,536,'2017-04-01',43),(764,3.91,'2017-04-01',44),(765,0.406,'2017-04-01',45),(766,0.0021,'2017-04-01',46),(767,0.000238,'2017-04-01',47),(768,0.0663,'2017-04-01',48),(769,426,'2017-04-01',49),(770,11.675,'2017-04-01',50),(771,1.829,'2017-04-01',51),(772,0.000856,'2017-04-01',52),(773,0.000627,'2017-04-01',53),(774,0.000298,'2017-04-01',54),(775,602,'2017-04-01',55),(776,4.31,'2017-04-01',56),(777,0.556,'2017-04-01',57),(778,0.003,'2017-04-01',58),(779,0.000378,'2017-04-01',59),(780,0.0327,'2017-04-01',60),(781,481,'2017-05-01',1),(782,10.653,'2017-05-01',2),(783,1.745,'2017-05-01',3),(784,0.000742,'2017-05-01',4),(785,0.000478,'2017-05-01',5),(786,0.000228,'2017-05-01',6),(787,581,'2017-05-01',7),(788,3.55,'2017-05-01',8),(789,0.389,'2017-05-01',9),(790,0.0024,'2017-05-01',10),(791,0.000208,'2017-05-01',11),(792,0.0773,'2017-05-01',12),(793,469,'2017-05-01',13),(794,14.125,'2017-05-01',14),(795,1.856,'2017-05-01',15),(796,0.000983,'2017-05-01',16),(797,0.000458,'2017-05-01',17),(798,0.000248,'2017-05-01',18),(799,616,'2017-05-01',19),(800,3.67,'2017-05-01',20),(801,0.424,'2017-05-01',21),(802,0.0023,'2017-05-01',22),(803,0.000409,'2017-05-01',23),(804,0.091,'2017-05-01',24),(805,442,'2017-05-01',25),(806,14.257,'2017-05-01',26),(807,1.988,'2017-05-01',27),(808,0.000661,'2017-05-01',28),(809,0.000543,'2017-05-01',29),(810,0.000218,'2017-05-01',30),(811,545,'2017-05-01',31),(812,3.85,'2017-05-01',32),(813,0.481,'2017-05-01',33),(814,0.0028,'2017-05-01',34),(815,0.000287,'2017-05-01',35),(816,0.0932,'2017-05-01',36),(817,419,'2017-05-01',37),(818,10.589,'2017-05-01',38),(819,1.696,'2017-05-01',39),(820,0.000825,'2017-05-01',40),(821,0.000372,'2017-05-01',41),(822,0.000238,'2017-05-01',42),(823,626,'2017-05-01',43),(824,4.21,'2017-05-01',44),(825,0.573,'2017-05-01',45),(826,0.0028,'2017-05-01',46),(827,0.000325,'2017-05-01',47),(828,0.0718,'2017-05-01',48),(829,493,'2017-05-01',49),(830,12.564,'2017-05-01',50),(831,1.932,'2017-05-01',51),(832,0.000742,'2017-05-01',52),(833,0.000442,'2017-05-01',53),(834,0.000199,'2017-05-01',54),(835,594,'2017-05-01',55),(836,4.07,'2017-05-01',56),(837,0.382,'2017-05-01',57),(838,0.0026,'2017-05-01',58),(839,0.000228,'2017-05-01',59),(840,0.0794,'2017-05-01',60),(841,437,'2017-11-01',1),(842,12.096,'2017-11-01',2),(843,1.801,'2017-11-01',3),(844,0.000745,'2017-11-01',4),(845,0.000345,'2017-11-01',5),(846,0.000175,'2017-11-01',6),(847,537,'2017-11-01',7),(848,4.02,'2017-11-01',8),(849,0.403,'2017-11-01',9),(850,0.0025,'2017-11-01',10),(851,0.000318,'2017-11-01',11),(852,0.0589,'2017-11-01',12),(853,427,'2017-11-01',13),(854,11.208,'2017-11-01',14),(855,1.945,'2017-11-01',15),(856,0.001012,'2017-11-01',16),(857,0.000487,'2017-11-01',17),(858,0.000238,'2017-11-01',18),(859,603,'2017-11-01',19),(860,4.45,'2017-11-01',20),(861,0.497,'2017-11-01',21),(862,0.0028,'2017-11-01',22),(863,0.000238,'2017-11-01',23),(864,0.0478,'2017-11-01',24),(865,482,'2017-11-01',25),(866,10.865,'2017-11-01',26),(867,1.928,'2017-11-01',27),(868,0.000828,'2017-11-01',28),(869,0.000427,'2017-11-01',29),(870,0.000208,'2017-11-01',30),(871,582,'2017-11-01',31),(872,3.68,'2017-11-01',32),(873,0.368,'2017-11-01',33),(874,0.0027,'2017-11-01',34),(875,0.000228,'2017-11-01',35),(876,0.0604,'2017-11-01',36),(877,470,'2017-11-01',37),(878,13.851,'2017-11-01',38),(879,1.922,'2017-11-01',39),(880,0.000879,'2017-11-01',40),(881,0.000445,'2017-11-01',41),(882,0.000229,'2017-11-01',42),(883,617,'2017-11-01',43),(884,3.78,'2017-11-01',44),(885,0.421,'2017-11-01',45),(886,0.003,'2017-11-01',46),(887,0.000349,'2017-11-01',47),(888,0.0703,'2017-11-01',48),(889,443,'2017-11-01',49),(890,11.562,'2017-11-01',50),(891,1.712,'2017-11-01',51),(892,0.000782,'2017-11-01',52),(893,0.000538,'2017-11-01',53),(894,0.000245,'2017-11-01',54),(895,546,'2017-11-01',55),(896,4.03,'2017-11-01',56),(897,0.432,'2017-11-01',57),(898,0.0029,'2017-11-01',58),(899,0.000317,'2017-11-01',59),(900,0.0794,'2017-11-01',60),(901,420,'2017-12-01',1),(902,9.829,'2017-12-01',2),(903,1.986,'2017-12-01',3),(904,0.000935,'2017-12-01',4),(905,0.000357,'2017-12-01',5),(906,0.000268,'2017-12-01',6),(907,627,'2017-12-01',7),(908,4.38,'2017-12-01',8),(909,0.529,'2017-12-01',9),(910,0.0027,'2017-12-01',10),(911,0.000364,'2017-12-01',11),(912,0.0692,'2017-12-01',12),(913,494,'2017-12-01',13),(914,9.954,'2017-12-01',14),(915,1.755,'2017-12-01',15),(916,0.000583,'2017-12-01',16),(917,0.000388,'2017-12-01',17),(918,0.000228,'2017-12-01',18),(919,595,'2017-12-01',19),(920,4.22,'2017-12-01',20),(921,0.369,'2017-12-01',21),(922,0.0028,'2017-12-01',22),(923,0.000228,'2017-12-01',23),(924,0.0916,'2017-12-01',24),(925,438,'2017-12-01',25),(926,14.769,'2017-12-01',26),(927,1.975,'2017-12-01',27),(928,0.000823,'2017-12-01',28),(929,0.000458,'2017-12-01',29),(930,0.000198,'2017-12-01',30),(931,537,'2017-12-01',31),(932,4.02,'2017-12-01',32),(933,0.418,'2017-12-01',33),(934,0.0022,'2017-12-01',34),(935,0.000248,'2017-12-01',35),(936,0.0698,'2017-12-01',36),(937,427,'2017-12-01',37),(938,11.983,'2017-12-01',38),(939,1.851,'2017-12-01',39),(940,0.000889,'2017-12-01',40),(941,0.000647,'2017-12-01',41),(942,0.000308,'2017-12-01',42),(943,603,'2017-12-01',43),(944,4.45,'2017-12-01',44),(945,0.571,'2017-12-01',45),(946,0.0031,'2017-12-01',46),(947,0.000388,'2017-12-01',47),(948,0.0315,'2017-12-01',48),(949,483,'2017-12-01',49),(950,10.937,'2017-12-01',50),(951,1.765,'2017-12-01',51),(952,0.000753,'2017-12-01',52),(953,0.000488,'2017-12-01',53),(954,0.000228,'2017-12-01',54),(955,582,'2017-12-01',55),(956,3.68,'2017-12-01',56),(957,0.403,'2017-12-01',57),(958,0.0025,'2017-12-01',58),(959,0.000208,'2017-12-01',59),(960,0.0796,'2017-12-01',60),(961,470,'2018-01-01',1),(962,14.287,'2018-01-01',2),(963,1.879,'2018-01-01',3),(964,0.001003,'2018-01-01',4),(965,0.000478,'2018-01-01',5),(966,0.000258,'2018-01-01',6),(967,617,'2018-01-01',7),(968,3.78,'2018-01-01',8),(969,0.438,'2018-01-01',9),(970,0.0024,'2018-01-01',10),(971,0.000429,'2018-01-01',11),(972,0.0929,'2018-01-01',12),(973,443,'2018-01-01',13),(974,14.629,'2018-01-01',14),(975,1.988,'2018-01-01',15),(976,0.000681,'2018-01-01',16),(977,0.000562,'2018-01-01',17),(978,0.000228,'2018-01-01',18),(979,546,'2018-01-01',19),(980,4.03,'2018-01-01',20),(981,0.498,'2018-01-01',21),(982,0.0029,'2018-01-01',22),(983,0.000297,'2018-01-01',23),(984,0.0906,'2018-01-01',24),(985,420,'2018-01-01',25),(986,11.021,'2018-01-01',26),(987,1.718,'2018-01-01',27),(988,0.000845,'2018-01-01',28),(989,0.000387,'2018-01-01',29),(990,0.000248,'2018-01-01',30),(991,627,'2018-01-01',31),(992,4.38,'2018-01-01',32),(993,0.594,'2018-01-01',33),(994,0.0029,'2018-01-01',34),(995,0.000335,'2018-01-01',35),(996,0.0738,'2018-01-01',36),(997,494,'2018-01-01',37),(998,12.789,'2018-01-01',38),(999,1.965,'2018-01-01',39),(1000,0.000753,'2018-01-01',40),(1001,0.000458,'2018-01-01',41),(1002,0.000208,'2018-01-01',42),(1003,595,'2018-01-01',43),(1004,4.22,'2018-01-01',44),(1005,0.396,'2018-01-01',45),(1006,0.0027,'2018-01-01',46),(1007,0.000238,'2018-01-01',47),(1008,0.0839,'2018-01-01',48),(1009,439,'2018-01-01',49),(1010,12.235,'2018-01-01',50),(1011,1.814,'2018-01-01',51),(1012,0.000756,'2018-01-01',52),(1013,0.000352,'2018-01-01',53),(1014,0.000185,'2018-01-01',54),(1015,538,'2018-01-01',55),(1016,4.18,'2018-01-01',56),(1017,0.418,'2018-01-01',57),(1018,0.0026,'2018-01-01',58),(1019,0.000338,'2018-01-01',59),(1020,0.0623,'2018-01-01',60),(1021,428,'2018-02-01',1),(1022,11.564,'2018-02-01',2),(1023,1.988,'2018-02-01',3),(1024,0.001025,'2018-02-01',4),(1025,0.000502,'2018-02-01',5),(1026,0.000248,'2018-02-01',6),(1027,604,'2018-02-01',7),(1028,4.67,'2018-02-01',8),(1029,0.511,'2018-02-01',9),(1030,0.0029,'2018-02-01',10),(1031,0.000248,'2018-02-01',11),(1032,0.0486,'2018-02-01',12),(1033,484,'2018-02-01',13),(1034,11.078,'2018-02-01',14),(1035,1.941,'2018-02-01',15),(1036,0.000848,'2018-02-01',16),(1037,0.000437,'2018-02-01',17),(1038,0.000218,'2018-02-01',18),(1039,583,'2018-02-01',19),(1040,3.72,'2018-02-01',20),(1041,0.379,'2018-02-01',21),(1042,0.0028,'2018-02-01',22),(1043,0.000238,'2018-02-01',23),(1044,0.0621,'2018-02-01',24),(1045,471,'2018-02-01',25),(1046,14.524,'2018-02-01',26),(1047,1.955,'2018-02-01',27),(1048,0.000891,'2018-02-01',28),(1049,0.000455,'2018-02-01',29),(1050,0.000239,'2018-02-01',30),(1051,618,'2018-02-01',31),(1052,3.89,'2018-02-01',32),(1053,0.434,'2018-02-01',33),(1054,0.0031,'2018-02-01',34),(1055,0.000359,'2018-02-01',35),(1056,0.0721,'2018-02-01',36),(1057,444,'2018-02-01',37),(1058,11.895,'2018-02-01',38),(1059,1.726,'2018-02-01',39),(1060,0.000792,'2018-02-01',40),(1061,0.000553,'2018-02-01',41),(1062,0.000253,'2018-02-01',42),(1063,547,'2018-02-01',43),(1064,4.17,'2018-02-01',44),(1065,0.443,'2018-02-01',45),(1066,0.003,'2018-02-01',46),(1067,0.000327,'2018-02-01',47),(1068,0.0821,'2018-02-01',48),(1069,421,'2018-02-01',49),(1070,10.237,'2018-02-01',50),(1071,1.999,'2018-02-01',51),(1072,0.000955,'2018-02-01',52),(1073,0.000372,'2018-02-01',53),(1074,0.000278,'2018-02-01',54),(1075,628,'2018-02-01',55),(1076,4.56,'2018-02-01',56),(1077,0.54,'2018-02-01',57),(1078,0.0028,'2018-02-01',58),(1079,0.000374,'2018-02-01',59),(1080,0.0713,'2018-02-01',60),(1081,495,'2018-03-01',1),(1082,10.12,'2018-03-01',2),(1083,1.768,'2018-03-01',3),(1084,0.000603,'2018-03-01',4),(1085,0.000398,'2018-03-01',5),(1086,0.000238,'2018-03-01',6),(1087,596,'2018-03-01',7),(1088,4.37,'2018-03-01',8),(1089,0.392,'2018-03-01',9),(1090,0.0029,'2018-03-01',10),(1091,0.000238,'2018-03-01',11),(1092,0.0932,'2018-03-01',12),(1093,440,'2018-03-01',13),(1094,15.034,'2018-03-01',14),(1095,1.952,'2018-03-01',15),(1096,0.000843,'2018-03-01',16),(1097,0.000472,'2018-03-01',17),(1098,0.000208,'2018-03-01',18),(1099,538,'2018-03-01',19),(1100,4.18,'2018-03-01',20),(1101,0.427,'2018-03-01',21),(1102,0.0023,'2018-03-01',22),(1103,0.000258,'2018-03-01',23),(1104,0.0724,'2018-03-01',24),(1105,428,'2018-03-01',25),(1106,12.398,'2018-03-01',26),(1107,1.872,'2018-03-01',27),(1108,0.000912,'2018-03-01',28),(1109,0.000667,'2018-03-01',29),(1110,0.000317,'2018-03-01',30),(1111,604,'2018-03-01',31),(1112,4.67,'2018-03-01',32),(1113,0.586,'2018-03-01',33),(1114,0.0032,'2018-03-01',34),(1115,0.000408,'2018-03-01',35),(1116,0.0294,'2018-03-01',36),(1117,485,'2018-03-01',37),(1118,11.248,'2018-03-01',38),(1119,1.786,'2018-03-01',39),(1120,0.000764,'2018-03-01',40),(1121,0.000498,'2018-03-01',41),(1122,0.000228,'2018-03-01',42),(1123,583,'2018-03-01',43),(1124,3.72,'2018-03-01',44),(1125,0.412,'2018-03-01',45),(1126,0.0026,'2018-03-01',46),(1127,0.000218,'2018-03-01',47),(1128,0.0812,'2018-03-01',48),(1129,471,'2018-03-01',49),(1130,14.689,'2018-03-01',50),(1131,1.903,'2018-03-01',51),(1132,0.001013,'2018-03-01',52),(1133,0.000468,'2018-03-01',53),(1134,0.000268,'2018-03-01',54),(1135,618,'2018-03-01',55),(1136,3.89,'2018-03-01',56),(1137,0.449,'2018-03-01',57),(1138,0.0025,'2018-03-01',58),(1139,0.000449,'2018-03-01',59),(1140,0.0943,'2018-03-01',60),(1141,444,'2018-04-01',1),(1142,15.031,'2018-04-01',2),(1143,1.988,'2018-04-01',3),(1144,0.000701,'2018-04-01',4),(1145,0.000582,'2018-04-01',5),(1146,0.000238,'2018-04-01',6),(1147,547,'2018-04-01',7),(1148,4.17,'2018-04-01',8),(1149,0.512,'2018-04-01',9),(1150,0.0028,'2018-04-01',10),(1151,0.000307,'2018-04-01',11),(1152,0.0883,'2018-04-01',12),(1153,421,'2018-04-01',13),(1154,11.243,'2018-04-01',14),(1155,1.744,'2018-04-01',15),(1156,0.000865,'2018-04-01',16),(1157,0.000397,'2018-04-01',17),(1158,0.000258,'2018-04-01',18),(1159,628,'2018-04-01',19),(1160,4.56,'2018-04-01',20),(1161,0.615,'2018-04-01',21),(1162,0.0029,'2018-04-01',22),(1163,0.000345,'2018-04-01',23),(1164,0.0757,'2018-04-01',24),(1165,495,'2018-04-01',25),(1166,13.024,'2018-04-01',26),(1167,1.978,'2018-04-01',27),(1168,0.000764,'2018-04-01',28),(1169,0.000478,'2018-04-01',29),(1170,0.000218,'2018-04-01',30),(1171,596,'2018-04-01',31),(1172,4.37,'2018-04-01',32),(1173,0.407,'2018-04-01',33),(1174,0.0028,'2018-04-01',34),(1175,0.000258,'2018-04-01',35),(1176,0.0876,'2018-04-01',36),(1177,441,'2018-04-01',37),(1178,12.375,'2018-04-01',38),(1179,1.827,'2018-04-01',39),(1180,0.000767,'2018-04-01',40),(1181,0.000365,'2018-04-01',41),(1182,0.000195,'2018-04-01',42),(1183,539,'2018-04-01',43),(1184,4.32,'2018-04-01',44),(1185,0.434,'2018-04-01',45),(1186,0.0027,'2018-04-01',46),(1187,0.000358,'2018-04-01',47),(1188,0.0654,'2018-04-01',48),(1189,429,'2018-04-01',49),(1190,11.863,'2018-04-01',50),(1191,1.978,'2018-04-01',51),(1192,0.001032,'2018-04-01',52),(1193,0.000517,'2018-04-01',53),(1194,0.000258,'2018-04-01',54),(1195,605,'2018-04-01',55),(1196,4.83,'2018-04-01',56),(1197,0.525,'2018-04-01',57),(1198,0.0029,'2018-04-01',58),(1199,0.000258,'2018-04-01',59),(1200,0.0499,'2018-04-01',60),(1201,486,'2018-05-01',1),(1202,11.402,'2018-05-01',2),(1203,1.954,'2018-05-01',3),(1204,0.000867,'2018-05-01',4),(1205,0.000447,'2018-05-01',5),(1206,0.000228,'2018-05-01',6),(1207,584,'2018-05-01',7),(1208,3.79,'2018-05-01',8),(1209,0.392,'2018-05-01',9),(1210,0.0028,'2018-05-01',10),(1211,0.000258,'2018-05-01',11),(1212,0.0638,'2018-05-01',12),(1213,472,'2018-05-01',13),(1214,14.823,'2018-05-01',14),(1215,1.977,'2018-05-01',15),(1216,0.000913,'2018-05-01',16),(1217,0.000465,'2018-05-01',17),(1218,0.000248,'2018-05-01',18),(1219,619,'2018-05-01',19),(1220,4.01,'2018-05-01',20),(1221,0.447,'2018-05-01',21),(1222,0.0032,'2018-05-01',22),(1223,0.000369,'2018-05-01',23),(1224,0.0741,'2018-05-01',24),(1225,445,'2018-05-01',25),(1226,12.021,'2018-05-01',26),(1227,1.739,'2018-05-01',27),(1228,0.000802,'2018-05-01',28),(1229,0.000578,'2018-05-01',29),(1230,0.000261,'2018-05-01',30),(1231,548,'2018-05-01',31),(1232,4.25,'2018-05-01',32),(1233,0.454,'2018-05-01',33),(1234,0.003,'2018-05-01',34),(1235,0.000337,'2018-05-01',35),(1236,0.0848,'2018-05-01',36),(1237,422,'2018-05-01',37),(1238,10.456,'2018-05-01',38),(1239,1.996,'2018-05-01',39),(1240,0.000975,'2018-05-01',40),(1241,0.000387,'2018-05-01',41),(1242,0.000288,'2018-05-01',42),(1243,629,'2018-05-01',43),(1244,4.74,'2018-05-01',44),(1245,0.551,'2018-05-01',45),(1246,0.0028,'2018-05-01',46),(1247,0.000384,'2018-05-01',47),(1248,0.0736,'2018-05-01',48),(1249,496,'2018-05-01',49),(1250,10.324,'2018-05-01',50),(1251,1.781,'2018-05-01',51),(1252,0.000623,'2018-05-01',52),(1253,0.000408,'2018-05-01',53),(1254,0.000248,'2018-05-01',54),(1255,597,'2018-05-01',55),(1256,4.53,'2018-05-01',56),(1257,0.405,'2018-05-01',57),(1258,0.0029,'2018-05-01',58),(1259,0.000248,'2018-05-01',59),(1260,0.0948,'2018-05-01',60),(1261,442,'2018-11-01',1),(1262,15.298,'2018-11-01',2),(1263,1.965,'2018-11-01',3),(1264,0.000863,'2018-11-01',4),(1265,0.000482,'2018-11-01',5),(1266,0.000218,'2018-11-01',6),(1267,539,'2018-11-01',7),(1268,4.32,'2018-11-01',8),(1269,0.438,'2018-11-01',9),(1270,0.0024,'2018-11-01',10),(1271,0.000268,'2018-11-01',11),(1272,0.0759,'2018-11-01',12),(1273,429,'2018-11-01',13),(1274,12.687,'2018-11-01',14),(1275,1.894,'2018-11-01',15),(1276,0.000932,'2018-11-01',16),(1277,0.000687,'2018-11-01',17),(1278,0.000327,'2018-11-01',18),(1279,605,'2018-11-01',19),(1280,4.83,'2018-11-01',20),(1281,0.597,'2018-11-01',21),(1282,0.0033,'2018-11-01',22),(1283,0.000428,'2018-11-01',23),(1284,0.0279,'2018-11-01',24),(1285,487,'2018-11-01',25),(1286,11.543,'2018-11-01',26),(1287,1.807,'2018-11-01',27),(1288,0.000775,'2018-11-01',28),(1289,0.000507,'2018-11-01',29),(1290,0.000228,'2018-11-01',30),(1291,584,'2018-11-01',31),(1292,3.79,'2018-11-01',32),(1293,0.425,'2018-11-01',33),(1294,0.0027,'2018-11-01',34),(1295,0.000218,'2018-11-01',35),(1296,0.0834,'2018-11-01',36),(1297,472,'2018-11-01',37),(1298,15.134,'2018-11-01',38),(1299,1.933,'2018-11-01',39),(1300,0.001023,'2018-11-01',40),(1301,0.000478,'2018-11-01',41),(1302,0.000278,'2018-11-01',42),(1303,619,'2018-11-01',43),(1304,4.01,'2018-11-01',44),(1305,0.464,'2018-11-01',45),(1306,0.0026,'2018-11-01',46),(1307,0.000469,'2018-11-01',47),(1308,0.0961,'2018-11-01',48),(1309,445,'2018-11-01',49),(1310,15.317,'2018-11-01',50),(1311,1.987,'2018-11-01',51),(1312,0.000721,'2018-11-01',52),(1313,0.000602,'2018-11-01',53),(1314,0.000248,'2018-11-01',54),(1315,548,'2018-11-01',55),(1316,4.25,'2018-11-01',56),(1317,0.527,'2018-11-01',57),(1318,0.0029,'2018-11-01',58),(1319,0.000317,'2018-11-01',59),(1320,0.091,'2018-11-01',60),(1321,422,'2018-12-01',1),(1322,11.485,'2018-12-01',2),(1323,1.755,'2018-12-01',3),(1324,0.000885,'2018-12-01',4),(1325,0.000407,'2018-12-01',5),(1326,0.000268,'2018-12-01',6),(1327,629,'2018-12-01',7),(1328,4.74,'2018-12-01',8),(1329,0.632,'2018-12-01',9),(1330,0.0029,'2018-12-01',10),(1331,0.000355,'2018-12-01',11),(1332,0.0779,'2018-12-01',12),(1333,496,'2018-12-01',13),(1334,13.289,'2018-12-01',14),(1335,1.955,'2018-12-01',15),(1336,0.000775,'2018-12-01',16),(1337,0.000488,'2018-12-01',17),(1338,0.000218,'2018-12-01',18),(1339,597,'2018-12-01',19),(1340,4.53,'2018-12-01',20),(1341,0.418,'2018-12-01',21),(1342,0.0028,'2018-12-01',22),(1343,0.000268,'2018-12-01',23),(1344,0.0891,'2018-12-01',24),(1345,443,'2018-12-01',25),(1346,12.543,'2018-12-01',26),(1347,1.845,'2018-12-01',27),(1348,0.000789,'2018-12-01',28),(1349,0.000382,'2018-12-01',29),(1350,0.000205,'2018-12-01',30),(1351,540,'2018-12-01',31),(1352,4.45,'2018-12-01',32),(1353,0.447,'2018-12-01',33),(1354,0.0028,'2018-12-01',34),(1355,0.000378,'2018-12-01',35),(1356,0.0689,'2018-12-01',36),(1357,430,'2018-12-01',37),(1358,12.105,'2018-12-01',38),(1359,1.987,'2018-12-01',39),(1360,0.001045,'2018-12-01',40),(1361,0.000532,'2018-12-01',41),(1362,0.000268,'2018-12-01',42),(1363,606,'2018-12-01',43),(1364,5.02,'2018-12-01',44),(1365,0.539,'2018-12-01',45),(1366,0.003,'2018-12-01',46),(1367,0.000268,'2018-12-01',47),(1368,0.0512,'2018-12-01',48),(1369,488,'2018-12-01',49),(1370,11.765,'2018-12-01',50),(1371,1.978,'2018-12-01',51),(1372,0.000887,'2018-12-01',52),(1373,0.000457,'2018-12-01',53),(1374,0.000238,'2018-12-01',54),(1375,585,'2018-12-01',55),(1376,3.85,'2018-12-01',56),(1377,0.405,'2018-12-01',57),(1378,0.0029,'2018-12-01',58),(1379,0.000268,'2018-12-01',59),(1380,0.0653,'2018-12-01',60),(1381,473,'2019-01-01',1),(1382,15.243,'2019-01-01',2),(1383,1.988,'2019-01-01',3),(1384,0.000935,'2019-01-01',4),(1385,0.000475,'2019-01-01',5),(1386,0.000258,'2019-01-01',6),(1387,620,'2019-01-01',7),(1388,4.23,'2019-01-01',8),(1389,0.454,'2019-01-01',9),(1390,0.0033,'2019-01-01',10),(1391,0.000379,'2019-01-01',11),(1392,0.0762,'2019-01-01',12),(1393,446,'2019-01-01',13),(1394,12.235,'2019-01-01',14),(1395,1.752,'2019-01-01',15),(1396,0.000812,'2019-01-01',16),(1397,0.000593,'2019-01-01',17),(1398,0.000269,'2019-01-01',18),(1399,549,'2019-01-01',19),(1400,4.38,'2019-01-01',20),(1401,0.465,'2019-01-01',21),(1402,0.0031,'2019-01-01',22),(1403,0.000347,'2019-01-01',23),(1404,0.0875,'2019-01-01',24),(1405,423,'2019-01-01',25),(1406,10.689,'2019-01-01',26),(1407,1.999,'2019-01-01',27),(1408,0.000995,'2019-01-01',28),(1409,0.000397,'2019-01-01',29),(1410,0.000298,'2019-01-01',30),(1411,630,'2019-01-01',31),(1412,4.89,'2019-01-01',32),(1413,0.562,'2019-01-01',33),(1414,0.0029,'2019-01-01',34),(1415,0.000404,'2019-01-01',35),(1416,0.0758,'2019-01-01',36),(1417,497,'2019-01-01',37),(1418,10.529,'2019-01-01',38),(1419,1.794,'2019-01-01',39),(1420,0.000643,'2019-01-01',40),(1421,0.000418,'2019-01-01',41),(1422,0.000268,'2019-01-01',42),(1423,598,'2019-01-01',43),(1424,4.65,'2019-01-01',44),(1425,0.418,'2019-01-01',45),(1426,0.0029,'2019-01-01',46),(1427,0.000268,'2019-01-01',47),(1428,0.0964,'2019-01-01',48),(1429,444,'2019-01-01',49),(1430,15.543,'2019-01-01',50),(1431,1.978,'2019-01-01',51),(1432,0.000883,'2019-01-01',52),(1433,0.000492,'2019-01-01',53),(1434,0.000228,'2019-01-01',54),(1435,540,'2019-01-01',55),(1436,4.45,'2019-01-01',56),(1437,0.457,'2019-01-01',57),(1438,0.0025,'2019-01-01',58),(1439,0.000278,'2019-01-01',59),(1440,0.0794,'2019-01-01',60),(1441,430,'2019-02-01',1),(1442,13.127,'2019-02-01',2),(1443,1.912,'2019-02-01',3),(1444,0.000965,'2019-02-01',4),(1445,0.000708,'2019-02-01',5),(1446,0.000337,'2019-02-01',6),(1447,606,'2019-02-01',7),(1448,5.02,'2019-02-01',8),(1449,0.621,'2019-02-01',9),(1450,0.0034,'2019-02-01',10),(1451,0.000448,'2019-02-01',11),(1452,0.0263,'2019-02-01',12),(1453,489,'2019-02-01',13),(1454,11.982,'2019-02-01',14),(1455,1.822,'2019-02-01',15),(1456,0.000786,'2019-02-01',16),(1457,0.000518,'2019-02-01',17),(1458,0.000238,'2019-02-01',18),(1459,585,'2019-02-01',19),(1460,3.85,'2019-02-01',20),(1461,0.438,'2019-02-01',21),(1462,0.0028,'2019-02-01',22),(1463,0.000228,'2019-02-01',23),(1464,0.0856,'2019-02-01',24),(1465,473,'2019-02-01',25),(1466,15.498,'2019-02-01',26),(1467,1.978,'2019-02-01',27),(1468,0.001043,'2019-02-01',28),(1469,0.000488,'2019-02-01',29),(1470,0.000288,'2019-02-01',30),(1471,620,'2019-02-01',31),(1472,4.23,'2019-02-01',32),(1473,0.479,'2019-02-01',33),(1474,0.0027,'2019-02-01',34),(1475,0.000489,'2019-02-01',35),(1476,0.0983,'2019-02-01',36),(1477,446,'2019-02-01',37),(1478,15.582,'2019-02-01',38),(1479,1.989,'2019-02-01',39),(1480,0.000741,'2019-02-01',40),(1481,0.000622,'2019-02-01',41),(1482,0.000248,'2019-02-01',42),(1483,549,'2019-02-01',43),(1484,4.38,'2019-02-01',44),(1485,0.538,'2019-02-01',45),(1486,0.003,'2019-02-01',46),(1487,0.000327,'2019-02-01',47),(1488,0.0948,'2019-02-01',48),(1489,423,'2019-02-01',49),(1490,11.578,'2019-02-01',50),(1491,1.772,'2019-02-01',51),(1492,0.000905,'2019-02-01',52),(1493,0.000417,'2019-02-01',53),(1494,0.000278,'2019-02-01',54),(1495,630,'2019-02-01',55),(1496,4.89,'2019-02-01',56),(1497,0.653,'2019-02-01',57),(1498,0.0029,'2019-02-01',58),(1499,0.000365,'2019-02-01',59),(1500,0.0797,'2019-02-01',60),(1501,497,'2019-03-01',1),(1502,13.548,'2019-03-01',2),(1503,1.965,'2019-03-01',3),(1504,0.000786,'2019-03-01',4),(1505,0.000498,'2019-03-01',5),(1506,0.000228,'2019-03-01',6),(1507,598,'2019-03-01',7),(1508,4.65,'2019-03-01',8),(1509,0.431,'2019-03-01',9),(1510,0.0028,'2019-03-01',10),(1511,0.000278,'2019-03-01',11),(1512,0.0912,'2019-03-01',12),(1513,445,'2019-03-01',13),(1514,12.764,'2019-03-01',14),(1515,1.859,'2019-03-01',15),(1516,0.000802,'2019-03-01',16),(1517,0.000398,'2019-03-01',17),(1518,0.000215,'2019-03-01',18),(1519,541,'2019-03-01',19),(1520,4.62,'2019-03-01',20),(1521,0.465,'2019-03-01',21),(1522,0.0029,'2019-03-01',22),(1523,0.000398,'2019-03-01',23),(1524,0.0721,'2019-03-01',24),(1525,431,'2019-03-01',25),(1526,12.287,'2019-03-01',26),(1527,1.996,'2019-03-01',27),(1528,0.001056,'2019-03-01',28),(1529,0.000547,'2019-03-01',29),(1530,0.000278,'2019-03-01',30),(1531,607,'2019-03-01',31),(1532,5.18,'2019-03-01',32),(1533,0.553,'2019-03-01',33),(1534,0.0031,'2019-03-01',34),(1535,0.000278,'2019-03-01',35),(1536,0.0525,'2019-03-01',36),(1537,490,'2019-03-01',37),(1538,12.076,'2019-03-01',38),(1539,1.989,'2019-03-01',39),(1540,0.000908,'2019-03-01',40),(1541,0.000467,'2019-03-01',41),(1542,0.000248,'2019-03-01',42),(1543,586,'2019-03-01',43),(1544,3.94,'2019-03-01',44),(1545,0.418,'2019-03-01',45),(1546,0.0029,'2019-03-01',46),(1547,0.000278,'2019-03-01',47),(1548,0.0671,'2019-03-01',48),(1549,474,'2019-03-01',49),(1550,15.782,'2019-03-01',50),(1551,1.976,'2019-03-01',51),(1552,0.000957,'2019-03-01',52),(1553,0.000485,'2019-03-01',53),(1554,0.000268,'2019-03-01',54),(1555,621,'2019-03-01',55),(1556,4.39,'2019-03-01',56),(1557,0.471,'2019-03-01',57),(1558,0.0034,'2019-03-01',58),(1559,0.000389,'2019-03-01',59),(1560,0.0785,'2019-03-01',60),(1561,447,'2019-04-01',1),(1562,12.378,'2019-04-01',2),(1563,1.765,'2019-04-01',3),(1564,0.000822,'2019-04-01',4),(1565,0.000612,'2019-04-01',5),(1566,0.000278,'2019-04-01',6),(1567,550,'2019-04-01',7),(1568,4.49,'2019-04-01',8),(1569,0.476,'2019-04-01',9),(1570,0.0032,'2019-04-01',10),(1571,0.000357,'2019-04-01',11),(1572,0.0902,'2019-04-01',12),(1573,424,'2019-04-01',13),(1574,10.921,'2019-04-01',14),(1575,1.998,'2019-04-01',15),(1576,0.001005,'2019-04-01',16),(1577,0.000407,'2019-04-01',17),(1578,0.000308,'2019-04-01',18),(1579,631,'2019-04-01',19),(1580,5.05,'2019-04-01',20),(1581,0.573,'2019-04-01',21),(1582,0.0028,'2019-04-01',22),(1583,0.000414,'2019-04-01',23),(1584,0.0779,'2019-04-01',24),(1585,498,'2019-04-01',25),(1586,10.934,'2019-04-01',26),(1587,1.807,'2019-04-01',27),(1588,0.000663,'2019-04-01',28),(1589,0.000428,'2019-04-01',29),(1590,0.000278,'2019-04-01',30),(1591,599,'2019-04-01',31),(1592,4.78,'2019-04-01',32),(1593,0.425,'2019-04-01',33),(1594,0.0029,'2019-04-01',34),(1595,0.000278,'2019-04-01',35),(1596,0.098,'2019-04-01',36),(1597,446,'2019-04-01',37),(1598,15.832,'2019-04-01',38),(1599,1.989,'2019-04-01',39),(1600,0.000903,'2019-04-01',40),(1601,0.000502,'2019-04-01',41),(1602,0.000238,'2019-04-01',42),(1603,541,'2019-04-01',43),(1604,4.62,'2019-04-01',44),(1605,0.478,'2019-04-01',45),(1606,0.0026,'2019-04-01',46),(1607,0.000288,'2019-04-01',47),(1608,0.0834,'2019-04-01',48),(1609,431,'2019-04-01',49),(1610,13.287,'2019-04-01',50),(1611,1.941,'2019-04-01',51),(1612,0.000998,'2019-04-01',52),(1613,0.000728,'2019-04-01',53),(1614,0.000347,'2019-04-01',54),(1615,607,'2019-04-01',55),(1616,5.18,'2019-04-01',56),(1617,0.656,'2019-04-01',57),(1618,0.0035,'2019-04-01',58),(1619,0.000468,'2019-04-01',59),(1620,0.0248,'2019-04-01',60),(1621,491,'2019-05-01',1),(1622,12.281,'2019-05-01',2),(1623,1.843,'2019-05-01',3),(1624,0.000807,'2019-05-01',4),(1625,0.000528,'2019-05-01',5),(1626,0.000238,'2019-05-01',6),(1627,586,'2019-05-01',7),(1628,3.94,'2019-05-01',8),(1629,0.448,'2019-05-01',9),(1630,0.0028,'2019-05-01',10),(1631,0.000238,'2019-05-01',11),(1632,0.0878,'2019-05-01',12),(1633,474,'2019-05-01',13),(1634,16.047,'2019-05-01',14),(1635,1.978,'2019-05-01',15),(1636,0.001083,'2019-05-01',16),(1637,0.000498,'2019-05-01',17),(1638,0.000308,'2019-05-01',18),(1639,621,'2019-05-01',19),(1640,4.39,'2019-05-01',20),(1641,0.489,'2019-05-01',21),(1642,0.0028,'2019-05-01',22),(1643,0.000509,'2019-05-01',23),(1644,0.1004,'2019-05-01',24),(1645,447,'2019-05-01',25),(1646,15.993,'2019-05-01',26),(1647,1.987,'2019-05-01',27),(1648,0.000761,'2019-05-01',28),(1649,0.000642,'2019-05-01',29),(1650,0.000258,'2019-05-01',30),(1651,550,'2019-05-01',31),(1652,4.49,'2019-05-01',32),(1653,0.552,'2019-05-01',33),(1654,0.0031,'2019-05-01',34),(1655,0.000337,'2019-05-01',35),(1656,0.0976,'2019-05-01',36),(1657,424,'2019-05-01',37),(1658,12.236,'2019-05-01',38),(1659,1.785,'2019-05-01',39),(1660,0.000925,'2019-05-01',40),(1661,0.000428,'2019-05-01',41),(1662,0.000278,'2019-05-01',42),(1663,631,'2019-05-01',43),(1664,5.05,'2019-05-01',44),(1665,0.694,'2019-05-01',45),(1666,0.0029,'2019-05-01',46),(1667,0.000385,'2019-05-01',47),(1668,0.0812,'2019-05-01',48),(1669,498,'2019-05-01',49),(1670,13.767,'2019-05-01',50),(1671,1.932,'2019-05-01',51),(1672,0.000807,'2019-05-01',52),(1673,0.000508,'2019-05-01',53),(1674,0.000238,'2019-05-01',54),(1675,599,'2019-05-01',55),(1676,4.78,'2019-05-01',56),(1677,0.441,'2019-05-01',57),(1678,0.0028,'2019-05-01',58),(1679,0.000278,'2019-05-01',59),(1680,0.0923,'2019-05-01',60),(1681,448,'2019-11-01',1),(1682,12.985,'2019-11-01',2),(1683,1.875,'2019-11-01',3),(1684,0.000823,'2019-11-01',4),(1685,0.000409,'2019-11-01',5),(1686,0.000225,'2019-11-01',6),(1687,542,'2019-11-01',7),(1688,4.78,'2019-11-01',8),(1689,0.487,'2019-11-01',9),(1690,0.0029,'2019-11-01',10),(1691,0.000408,'2019-11-01',11),(1692,0.0754,'2019-11-01',12),(1693,432,'2019-11-01',13),(1694,12.586,'2019-11-01',14),(1695,1.988,'2019-11-01',15),(1696,0.001067,'2019-11-01',16),(1697,0.000562,'2019-11-01',17),(1698,0.000288,'2019-11-01',18),(1699,608,'2019-11-01',19),(1700,5.29,'2019-11-01',20),(1701,0.565,'2019-11-01',21),(1702,0.0032,'2019-11-01',22),(1703,0.000288,'2019-11-01',23),(1704,0.0538,'2019-11-01',24),(1705,492,'2019-11-01',25),(1706,12.576,'2019-11-01',26),(1707,1.996,'2019-11-01',27),(1708,0.000928,'2019-11-01',28),(1709,0.000487,'2019-11-01',29),(1710,0.000258,'2019-11-01',30),(1711,587,'2019-11-01',31),(1712,4.15,'2019-11-01',32),(1713,0.428,'2019-11-01',33),(1714,0.003,'2019-11-01',34),(1715,0.000278,'2019-11-01',35),(1716,0.0689,'2019-11-01',36),(1717,475,'2019-11-01',37),(1718,16.235,'2019-11-01',38),(1719,1.977,'2019-11-01',39),(1720,0.000978,'2019-11-01',40),(1721,0.000505,'2019-11-01',41),(1722,0.000288,'2019-11-01',42),(1723,622,'2019-11-01',43),(1724,4.59,'2019-11-01',44),(1725,0.487,'2019-11-01',45),(1726,0.0035,'2019-11-01',46),(1727,0.000399,'2019-11-01',47),(1728,0.0808,'2019-11-01',48),(1729,448,'2019-11-01',49),(1730,12.657,'2019-11-01',50),(1731,1.789,'2019-11-01',51),(1732,0.000832,'2019-11-01',52),(1733,0.000622,'2019-11-01',53),(1734,0.000279,'2019-11-01',54),(1735,551,'2019-11-01',55),(1736,4.56,'2019-11-01',56),(1737,0.487,'2019-11-01',57),(1738,0.0033,'2019-11-01',58),(1739,0.000368,'2019-11-01',59),(1740,0.093,'2019-11-01',60),(1741,425,'2019-12-01',1),(1742,11.254,'2019-12-01',2),(1743,1.999,'2019-12-01',3),(1744,0.000988,'2019-12-01',4),(1745,0.000412,'2019-12-01',5),(1746,0.000318,'2019-12-01',6),(1747,632,'2019-12-01',7),(1748,5.29,'2019-12-01',8),(1749,0.584,'2019-12-01',9),(1750,0.0029,'2019-12-01',10),(1751,0.000424,'2019-12-01',11),(1752,0.0801,'2019-12-01',12),(1753,499,'2019-12-01',13),(1754,11.265,'2019-12-01',14),(1755,1.821,'2019-12-01',15),(1756,0.000683,'2019-12-01',16),(1757,0.000438,'2019-12-01',17),(1758,0.000288,'2019-12-01',18),(1759,600,'2019-12-01',19),(1760,4.92,'2019-12-01',20),(1761,0.445,'2019-12-01',21),(1762,0.003,'2019-12-01',22),(1763,0.000278,'2019-12-01',23),(1764,0.0975,'2019-12-01',24),(1765,447,'2019-12-01',25),(1766,16.255,'2019-12-01',26),(1767,1.989,'2019-12-01',27),(1768,0.000923,'2019-12-01',28),(1769,0.000512,'2019-12-01',29),(1770,0.000248,'2019-12-01',30),(1771,542,'2019-12-01',31),(1772,4.78,'2019-12-01',32),(1773,0.498,'2019-12-01',33),(1774,0.0027,'2019-12-01',34),(1775,0.000298,'2019-12-01',35),(1776,0.0863,'2019-12-01',36),(1777,432,'2019-12-01',37),(1778,13.578,'2019-12-01',38),(1779,1.986,'2019-12-01',39),(1780,0.001005,'2019-12-01',40),(1781,0.000748,'2019-12-01',41),(1782,0.000358,'2019-12-01',42),(1783,608,'2019-12-01',43),(1784,5.29,'2019-12-01',44),(1785,0.687,'2019-12-01',45),(1786,0.0034,'2019-12-01',46),(1787,0.000488,'2019-12-01',47),(1788,0.0223,'2019-12-01',48),(1789,493,'2019-12-01',49),(1790,12.562,'2019-12-01',50),(1791,1.865,'2019-12-01',51),(1792,0.000823,'2019-12-01',52),(1793,0.000548,'2019-12-01',53),(1794,0.000248,'2019-12-01',54),(1795,587,'2019-12-01',55),(1796,4.15,'2019-12-01',56),(1797,0.468,'2019-12-01',57),(1798,0.0029,'2019-12-01',58),(1799,0.000248,'2019-12-01',59),(1800,0.0897,'2019-12-01',60),(1801,475,'2020-01-01',1),(1802,16.489,'2020-01-01',2),(1803,1.965,'2020-01-01',3),(1804,0.001003,'2020-01-01',4),(1805,0.000518,'2020-01-01',5),(1806,0.000318,'2020-01-01',6),(1807,622,'2020-01-01',7),(1808,4.59,'2020-01-01',8),(1809,0.509,'2020-01-01',9),(1810,0.0029,'2020-01-01',10),(1811,0.000529,'2020-01-01',11),(1812,0.1022,'2020-01-01',12),(1813,448,'2020-01-01',13),(1814,16.324,'2020-01-01',14),(1815,1.976,'2020-01-01',15),(1816,0.000782,'2020-01-01',16),(1817,0.000662,'2020-01-01',17),(1818,0.000268,'2020-01-01',18),(1819,551,'2020-01-01',19),(1820,4.56,'2020-01-01',20),(1821,0.612,'2020-01-01',21),(1822,0.003,'2020-01-01',22),(1823,0.000347,'2020-01-01',23),(1824,0.1007,'2020-01-01',24),(1825,425,'2020-01-01',25),(1826,12.548,'2020-01-01',26),(1827,1.785,'2020-01-01',27),(1828,0.000945,'2020-01-01',28),(1829,0.000428,'2020-01-01',29),(1830,0.000288,'2020-01-01',30),(1831,632,'2020-01-01',31),(1832,5.29,'2020-01-01',32),(1833,0.712,'2020-01-01',33),(1834,0.0029,'2020-01-01',34),(1835,0.000405,'2020-01-01',35),(1836,0.0824,'2020-01-01',36),(1837,499,'2020-01-01',37),(1838,14.032,'2020-01-01',38),(1839,1.945,'2020-01-01',39),(1840,0.000823,'2020-01-01',40),(1841,0.000528,'2020-01-01',41),(1842,0.000238,'2020-01-01',42),(1843,600,'2020-01-01',43),(1844,4.92,'2020-01-01',44),(1845,0.458,'2020-01-01',45),(1846,0.0028,'2020-01-01',46),(1847,0.000278,'2020-01-01',47),(1848,0.0935,'2020-01-01',48),(1849,451,'2020-01-01',49),(1850,13.254,'2020-01-01',50),(1851,1.898,'2020-01-01',51),(1852,0.000845,'2020-01-01',52),(1853,0.000435,'2020-01-01',53),(1854,0.000235,'2020-01-01',54),(1855,543,'2020-01-01',55),(1856,4.89,'2020-01-01',56),(1857,0.498,'2020-01-01',57),(1858,0.0029,'2020-01-01',58),(1859,0.000428,'2020-01-01',59),(1860,0.0778,'2020-01-01',60),(1861,433,'2020-02-01',1),(1862,12.865,'2020-02-01',2),(1863,1.998,'2020-02-01',3),(1864,0.001085,'2020-02-01',4),(1865,0.000577,'2020-02-01',5),(1866,0.000298,'2020-02-01',6),(1867,609,'2020-02-01',7),(1868,5.43,'2020-02-01',8),(1869,0.577,'2020-02-01',9),(1870,0.0033,'2020-02-01',10),(1871,0.000298,'2020-02-01',11),(1872,0.0547,'2020-02-01',12),(1873,494,'2020-02-01',13),(1874,12.867,'2020-02-01',14),(1875,1.998,'2020-02-01',15),(1876,0.000948,'2020-02-01',16),(1877,0.000497,'2020-02-01',17),(1878,0.000268,'2020-02-01',18),(1879,588,'2020-02-01',19),(1880,4.35,'2020-02-01',20),(1881,0.438,'2020-02-01',21),(1882,0.003,'2020-02-01',22),(1883,0.000278,'2020-02-01',23),(1884,0.0708,'2020-02-01',24),(1885,476,'2020-02-01',25),(1886,16.742,'2020-02-01',26),(1887,1.966,'2020-02-01',27),(1888,0.001005,'2020-02-01',28),(1889,0.000525,'2020-02-01',29),(1890,0.000298,'2020-02-01',30),(1891,623,'2020-02-01',31),(1892,4.76,'2020-02-01',32),(1893,0.512,'2020-02-01',33),(1894,0.0036,'2020-02-01',34),(1895,0.000409,'2020-02-01',35),(1896,0.0832,'2020-02-01',36),(1897,449,'2020-02-01',37),(1898,13.257,'2020-02-01',38),(1899,1.812,'2020-02-01',39),(1900,0.000842,'2020-02-01',40),(1901,0.000632,'2020-02-01',41),(1902,0.000288,'2020-02-01',42),(1903,552,'2020-02-01',43),(1904,4.67,'2020-02-01',44),(1905,0.498,'2020-02-01',45),(1906,0.0035,'2020-02-01',46),(1907,0.000377,'2020-02-01',47),(1908,0.0957,'2020-02-01',48),(1909,426,'2020-02-01',49),(1910,11.789,'2020-02-01',50),(1911,1.989,'2020-02-01',51),(1912,0.000968,'2020-02-01',52),(1913,0.000432,'2020-02-01',53),(1914,0.000328,'2020-02-01',54),(1915,633,'2020-02-01',55),(1916,5.49,'2020-02-01',56),(1917,0.595,'2020-02-01',57),(1918,0.0029,'2020-02-01',58),(1919,0.000444,'2020-02-01',59),(1920,0.0824,'2020-02-01',60),(1921,500,'2020-03-01',1),(1922,11.59,'2020-03-01',2),(1923,1.835,'2020-03-01',3),(1924,0.000703,'2020-03-01',4),(1925,0.000448,'2020-03-01',5),(1926,0.000298,'2020-03-01',6),(1927,601,'2020-03-01',7),(1928,5.07,'2020-03-01',8),(1929,0.465,'2020-03-01',9),(1930,0.0031,'2020-03-01',10),(1931,0.000288,'2020-03-01',11),(1932,0.0991,'2020-03-01',12),(1933,448,'2020-03-01',13),(1934,16.492,'2020-03-01',14),(1935,1.989,'2020-03-01',15),(1936,0.000943,'2020-03-01',16),(1937,0.000522,'2020-03-01',17),(1938,0.000258,'2020-03-01',18),(1939,543,'2020-03-01',19),(1940,4.89,'2020-03-01',20),(1941,0.511,'2020-03-01',21),(1942,0.0028,'2020-03-01',22),(1943,0.000308,'2020-03-01',23),(1944,0.0883,'2020-03-01',24),(1945,433,'2020-03-01',25),(1946,14.289,'2020-03-01',26),(1947,1.989,'2020-03-01',27),(1948,0.001028,'2020-03-01',28),(1949,0.000768,'2020-03-01',29),(1950,0.000368,'2020-03-01',30),(1951,609,'2020-03-01',31),(1952,5.43,'2020-03-01',32),(1953,0.698,'2020-03-01',33),(1954,0.0035,'2020-03-01',34),(1955,0.000508,'2020-03-01',35),(1956,0.0197,'2020-03-01',36),(1957,495,'2020-03-01',37),(1958,13.256,'2020-03-01',38),(1959,1.898,'2020-03-01',39),(1960,0.000845,'2020-03-01',40),(1961,0.000568,'2020-03-01',41),(1962,0.000258,'2020-03-01',42),(1963,588,'2020-03-01',43),(1964,4.35,'2020-03-01',44),(1965,0.478,'2020-03-01',45),(1966,0.0029,'2020-03-01',46),(1967,0.000258,'2020-03-01',47),(1968,0.0916,'2020-03-01',48),(1969,476,'2020-03-01',49),(1970,16.999,'2020-03-01',50),(1971,1.985,'2020-03-01',51),(1972,0.001023,'2020-03-01',52),(1973,0.000548,'2020-03-01',53),(1974,0.000328,'2020-03-01',54),(1975,623,'2020-03-01',55),(1976,4.76,'2020-03-01',56),(1977,0.531,'2020-03-01',57),(1978,0.0028,'2020-03-01',58),(1979,0.000549,'2020-03-01',59),(1980,0.1041,'2020-03-01',60),(1981,449,'2020-04-01',1),(1982,16.689,'2020-04-01',2),(1983,1.998,'2020-04-01',3),(1984,0.000802,'2020-04-01',4),(1985,0.000692,'2020-04-01',5),(1986,0.000278,'2020-04-01',6),(1987,552,'2020-04-01',7),(1988,4.67,'2020-04-01',8),(1989,0.628,'2020-04-01',9),(1990,0.003,'2020-04-01',10),(1991,0.000357,'2020-04-01',11),(1992,0.1032,'2020-04-01',12),(1993,426,'2020-04-01',13),(1994,12.734,'2020-04-01',14),(1995,1.785,'2020-04-01',15),(1996,0.000965,'2020-04-01',16),(1997,0.000428,'2020-04-01',17),(1998,0.000288,'2020-04-01',18),(1999,633,'2020-04-01',19),(2000,5.49,'2020-04-01',20),(2001,0.714,'2020-04-01',21),(2002,0.0029,'2020-04-01',22),(2003,0.000415,'2020-04-01',23),(2004,0.0837,'2020-04-01',24),(2005,500,'2020-04-01',25),(2006,14.235,'2020-04-01',26),(2007,1.965,'2020-04-01',27),(2008,0.000845,'2020-04-01',28),(2009,0.000568,'2020-04-01',29),(2010,0.000258,'2020-04-01',30),(2011,601,'2020-04-01',31),(2012,5.07,'2020-04-01',32),(2013,0.478,'2020-04-01',33),(2014,0.0028,'2020-04-01',34),(2015,0.000258,'2020-04-01',35),(2016,0.0938,'2020-04-01',36),(2017,452,'2020-04-01',37),(2018,13.548,'2020-04-01',38),(2019,1.921,'2020-04-01',39),(2020,0.000866,'2020-04-01',40),(2021,0.000445,'2020-04-01',41),(2022,0.000245,'2020-04-01',42),(2023,544,'2020-04-01',43),(2024,5.02,'2020-04-01',44),(2025,0.528,'2020-04-01',45),(2026,0.0029,'2020-04-01',46),(2027,0.000448,'2020-04-01',47),(2028,0.0793,'2020-04-01',48),(2029,434,'2020-04-01',49),(2030,13.078,'2020-04-01',50),(2031,1.999,'2020-04-01',51),(2032,0.001103,'2020-04-01',52),(2033,0.000592,'2020-04-01',53),(2034,0.000308,'2020-04-01',54),(2035,610,'2020-04-01',55),(2036,5.65,'2020-04-01',56),(2037,0.589,'2020-04-01',57),(2038,0.0034,'2020-04-01',58),(2039,0.000308,'2020-04-01',59),(2040,0.0556,'2020-04-01',60),(2041,496,'2020-05-01',1),(2042,13.452,'2020-05-01',2),(2043,1.999,'2020-05-01',3),(2044,0.000968,'2020-05-01',4),(2045,0.000507,'2020-05-01',5),(2046,0.000278,'2020-05-01',6),(2047,589,'2020-05-01',7),(2048,4.59,'2020-05-01',8),(2049,0.448,'2020-05-01',9),(2050,0.0031,'2020-05-01',10),(2051,0.000288,'2020-05-01',11),(2052,0.0725,'2020-05-01',12),(2053,477,'2020-05-01',13),(2054,17.245,'2020-05-01',14),(2055,1.966,'2020-05-01',15),(2056,0.001028,'2020-05-01',16),(2057,0.000535,'2020-05-01',17),(2058,0.000308,'2020-05-01',18),(2059,624,'2020-05-01',19),(2060,4.82,'2020-05-01',20),(2061,0.548,'2020-05-01',21),(2062,0.0037,'2020-05-01',22),(2063,0.000419,'2020-05-01',23),(2064,0.0857,'2020-05-01',24),(2065,450,'2020-05-01',25),(2066,13.679,'2020-05-01',26),(2067,1.834,'2020-05-01',27),(2068,0.000862,'2020-05-01',28),(2069,0.000652,'2020-05-01',29),(2070,0.000298,'2020-05-01',30),(2071,553,'2020-05-01',31),(2072,4.78,'2020-05-01',32),(2073,0.518,'2020-05-01',33),(2074,0.0036,'2020-05-01',34),(2075,0.000388,'2020-05-01',35),(2076,0.0974,'2020-05-01',36),(2077,427,'2020-05-01',37),(2078,12.254,'2020-05-01',38),(2079,1.988,'2020-05-01',39),(2080,0.000998,'2020-05-01',40),(2081,0.000447,'2020-05-01',41),(2082,0.000338,'2020-05-01',42),(2083,634,'2020-05-01',43),(2084,5.69,'2020-05-01',44),(2085,0.606,'2020-05-01',45),(2086,0.0029,'2020-05-01',46),(2087,0.000434,'2020-05-01',47),(2088,0.0831,'2020-05-01',48),(2089,501,'2020-05-01',49),(2090,12.098,'2020-05-01',50),(2091,1.849,'2020-05-01',51),(2092,0.000723,'2020-05-01',52),(2093,0.000458,'2020-05-01',53),(2094,0.000308,'2020-05-01',54),(2095,602,'2020-05-01',55),(2096,5.23,'2020-05-01',56),(2097,0.475,'2020-05-01',57),(2098,0.0032,'2020-05-01',58),(2099,0.000298,'2020-05-01',59),(2100,0.1008,'2020-05-01',60),(2101,449,'2020-11-01',1),(2102,16.897,'2020-11-01',2),(2103,1.998,'2020-11-01',3),(2104,0.000963,'2020-11-01',4),(2105,0.000532,'2020-11-01',5),(2106,0.000268,'2020-11-01',6),(2107,544,'2020-11-01',7),(2108,5.02,'2020-11-01',8),(2109,0.533,'2020-11-01',9),(2110,0.0027,'2020-11-01',10),(2111,0.000318,'2020-11-01',11),(2112,0.0902,'2020-11-01',12),(2113,434,'2020-11-01',13),(2114,14.521,'2020-11-01',14),(2115,1.999,'2020-11-01',15),(2116,0.001048,'2020-11-01',16),(2117,0.000808,'2020-11-01',17),(2118,0.000378,'2020-11-01',18),(2119,610,'2020-11-01',19),(2120,5.65,'2020-11-01',20),(2121,0.709,'2020-11-01',21),(2122,0.0035,'2020-11-01',22),(2123,0.000528,'2020-11-01',23),(2124,0.0168,'2020-11-01',24),(2125,497,'2020-11-01',25),(2126,13.548,'2020-11-01',26),(2127,1.921,'2020-11-01',27),(2128,0.000866,'2020-11-01',28),(2129,0.000572,'2020-11-01',29),(2130,0.000268,'2020-11-01',30),(2131,589,'2020-11-01',31),(2132,4.59,'2020-11-01',32),(2133,0.488,'2020-11-01',33),(2134,0.0029,'2020-11-01',34),(2135,0.000268,'2020-11-01',35),(2136,0.0935,'2020-11-01',36),(2137,477,'2020-11-01',37),(2138,17.491,'2020-11-01',38),(2139,1.985,'2020-11-01',39),(2140,0.001043,'2020-11-01',40),(2141,0.000558,'2020-11-01',41),(2142,0.000338,'2020-11-01',42),(2143,624,'2020-11-01',43),(2144,4.82,'2020-11-01',44),(2145,0.567,'2020-11-01',45),(2146,0.0028,'2020-11-01',46),(2147,0.000569,'2020-11-01',47),(2148,0.1059,'2020-11-01',48),(2149,450,'2020-11-01',49),(2150,17.058,'2020-11-01',50),(2151,1.998,'2020-11-01',51),(2152,0.000822,'2020-11-01',52),(2153,0.000712,'2020-11-01',53),(2154,0.000288,'2020-11-01',54),(2155,553,'2020-11-01',55),(2156,4.78,'2020-11-01',56),(2157,0.644,'2020-11-01',57),(2158,0.003,'2020-11-01',58),(2159,0.000367,'2020-11-01',59),(2160,0.1063,'2020-11-01',60),(2161,427,'2020-12-01',1),(2162,13.048,'2020-12-01',2),(2163,1.785,'2020-12-01',3),(2164,0.000985,'2020-12-01',4),(2165,0.000448,'2020-12-01',5),(2166,0.000298,'2020-12-01',6),(2167,634,'2020-12-01',7),(2168,5.69,'2020-12-01',8),(2169,0.725,'2020-12-01',9),(2170,0.0029,'2020-12-01',10),(2171,0.000425,'2020-12-01',11),(2172,0.0834,'2020-12-01',12),(2173,501,'2020-12-01',13),(2174,14.458,'2020-12-01',14),(2175,1.965,'2020-12-01',15),(2176,0.000866,'2020-12-01',16),(2177,0.000572,'2020-12-01',17),(2178,0.000268,'2020-12-01',18),(2179,602,'2020-12-01',19),(2180,5.23,'2020-12-01',20),(2181,0.498,'2020-12-01',21),(2182,0.0028,'2020-12-01',22),(2183,0.000268,'2020-12-01',23),(2184,0.0938,'2020-12-01',24),(2185,453,'2020-12-01',25),(2186,13.785,'2020-12-01',26),(2187,1.943,'2020-12-01',27),(2188,0.000887,'2020-12-01',28),(2189,0.000462,'2020-12-01',29),(2190,0.000255,'2020-12-01',30),(2191,545,'2020-12-01',31),(2192,5.15,'2020-12-01',32),(2193,0.542,'2020-12-01',33),(2194,0.0029,'2020-12-01',34),(2195,0.000468,'2020-12-01',35),(2196,0.0808,'2020-12-01',36),(2197,435,'2020-12-01',37),(2198,13.265,'2020-12-01',38),(2199,1.998,'2020-12-01',39),(2200,0.001121,'2020-12-01',40),(2201,0.000607,'2020-12-01',41),(2202,0.000318,'2020-12-01',42),(2203,611,'2020-12-01',43),(2204,5.89,'2020-12-01',44),(2205,0.601,'2020-12-01',45),(2206,0.0035,'2020-12-01',46),(2207,0.000318,'2020-12-01',47),(2208,0.0566,'2020-12-01',48),(2209,497,'2020-12-01',49),(2210,13.756,'2020-12-01',50),(2211,1.998,'2020-12-01',51),(2212,0.000988,'2020-12-01',52),(2213,0.000527,'2020-12-01',53),(2214,0.000288,'2020-12-01',54),(2215,590,'2020-12-01',55),(2216,4.73,'2020-12-01',56),(2217,0.458,'2020-12-01',57),(2218,0.0032,'2020-12-01',58),(2219,0.000298,'2020-12-01',59),(2220,0.0742,'2020-12-01',60),(2221,478,'2021-01-01',1),(2222,17.736,'2021-01-01',2),(2223,1.966,'2021-01-01',3),(2224,0.001048,'2021-01-01',4),(2225,0.000545,'2021-01-01',5),(2226,0.000318,'2021-01-01',6),(2227,625,'2021-01-01',7),(2228,4.94,'2021-01-01',8),(2229,0.567,'2021-01-01',9),(2230,0.0038,'2021-01-01',10),(2231,0.000429,'2021-01-01',11),(2232,0.0878,'2021-01-01',12),(2233,451,'2021-01-01',13),(2234,14.032,'2021-01-01',14),(2235,1.856,'2021-01-01',15),(2236,0.000882,'2021-01-01',16),(2237,0.000672,'2021-01-01',17),(2238,0.000308,'2021-01-01',18),(2239,554,'2021-01-01',19),(2240,4.89,'2021-01-01',20),(2241,0.538,'2021-01-01',21),(2242,0.0036,'2021-01-01',22),(2243,0.000398,'2021-01-01',23),(2244,0.0992,'2021-01-01',24),(2245,428,'2021-01-01',25),(2246,12.511,'2021-01-01',26),(2247,1.988,'2021-01-01',27),(2248,0.001028,'2021-01-01',28),(2249,0.000467,'2021-01-01',29),(2250,0.000348,'2021-01-01',30),(2251,635,'2021-01-01',31),(2252,5.87,'2021-01-01',32),(2253,0.617,'2021-01-01',33),(2254,0.0029,'2021-01-01',34),(2255,0.000454,'2021-01-01',35),(2256,0.0841,'2021-01-01',36),(2257,502,'2021-01-01',37),(2258,12.256,'2021-01-01',38),(2259,1.863,'2021-01-01',39),(2260,0.000743,'2021-01-01',40),(2261,0.000478,'2021-01-01',41),(2262,0.000318,'2021-01-01',42),(2263,603,'2021-01-01',43),(2264,5.38,'2021-01-01',44),(2265,0.488,'2021-01-01',45),(2266,0.0033,'2021-01-01',46),(2267,0.000308,'2021-01-01',47),(2268,0.1015,'2021-01-01',48),(2269,450,'2021-01-01',49),(2270,17.286,'2021-01-01',50),(2271,1.998,'2021-01-01',51),(2272,0.000983,'2021-01-01',52),(2273,0.000542,'2021-01-01',53),(2274,0.000278,'2021-01-01',54),(2275,545,'2021-01-01',55),(2276,5.15,'2021-01-01',56),(2277,0.556,'2021-01-01',57),(2278,0.0026,'2021-01-01',58),(2279,0.000328,'2021-01-01',59),(2280,0.0921,'2021-01-01',60),(2281,435,'2021-02-01',1),(2282,14.758,'2021-02-01',2),(2283,1.998,'2021-02-01',3),(2284,0.001068,'2021-02-01',4),(2285,0.000827,'2021-02-01',5),(2286,0.000388,'2021-02-01',6),(2287,611,'2021-02-01',7),(2288,5.89,'2021-02-01',8),(2289,0.721,'2021-02-01',9),(2290,0.0036,'2021-02-01',10),(2291,0.000548,'2021-02-01',11),(2292,0.0145,'2021-02-01',12),(2293,498,'2021-02-01',13),(2294,13.785,'2021-02-01',14),(2295,1.943,'2021-02-01',15),(2296,0.000887,'2021-02-01',16),(2297,0.000592,'2021-02-01',17),(2298,0.000278,'2021-02-01',18),(2299,590,'2021-02-01',19),(2300,4.73,'2021-02-01',20),(2301,0.498,'2021-02-01',21),(2302,0.0029,'2021-02-01',22),(2303,0.000278,'2021-02-01',23),(2304,0.0954,'2021-02-01',24),(2305,478,'2021-02-01',25),(2306,17.991,'2021-02-01',26),(2307,1.985,'2021-02-01',27),(2308,0.001063,'2021-02-01',28),(2309,0.000575,'2021-02-01',29),(2310,0.000348,'2021-02-01',30),(2311,625,'2021-02-01',31),(2312,4.94,'2021-02-01',32),(2313,0.586,'2021-02-01',33),(2314,0.0029,'2021-02-01',34),(2315,0.000589,'2021-02-01',35),(2316,0.1076,'2021-02-01',36),(2317,451,'2021-02-01',37),(2318,17.514,'2021-02-01',38),(2319,1.998,'2021-02-01',39),(2320,0.000843,'2021-02-01',40),(2321,0.000732,'2021-02-01',41),(2322,0.000298,'2021-02-01',42),(2323,554,'2021-02-01',43),(2324,4.89,'2021-02-01',44),(2325,0.652,'2021-02-01',45),(2326,0.0029,'2021-02-01',46),(2327,0.000378,'2021-02-01',47),(2328,0.1094,'2021-02-01',48),(2329,428,'2021-02-01',49),(2330,13.345,'2021-02-01',50),(2331,1.785,'2021-02-01',51),(2332,0.000982,'2021-02-01',52),(2333,0.000448,'2021-02-01',53),(2334,0.000298,'2021-02-01',54),(2335,635,'2021-02-01',55),(2336,5.87,'2021-02-01',56),(2337,0.732,'2021-02-01',57),(2338,0.0029,'2021-02-01',58),(2339,0.000435,'2021-02-01',59),(2340,0.0837,'2021-02-01',60),(2341,502,'2021-03-01',1),(2342,14.681,'2021-03-01',2),(2343,1.965,'2021-03-01',3),(2344,0.000887,'2021-03-01',4),(2345,0.000592,'2021-03-01',5),(2346,0.000278,'2021-03-01',6),(2347,603,'2021-03-01',7),(2348,5.38,'2021-03-01',8),(2349,0.518,'2021-03-01',9),(2350,0.0028,'2021-03-01',10),(2351,0.000278,'2021-03-01',11),(2352,0.0939,'2021-03-01',12),(2353,454,'2021-03-01',13),(2354,14.023,'2021-03-01',14),(2355,1.965,'2021-03-01',15),(2356,0.000908,'2021-03-01',16),(2357,0.000478,'2021-03-01',17),(2358,0.000265,'2021-03-01',18),(2359,546,'2021-03-01',19),(2360,5.32,'2021-03-01',20),(2361,0.557,'2021-03-01',21),(2362,0.0029,'2021-03-01',22),(2363,0.000488,'2021-03-01',23),(2364,0.0824,'2021-03-01',24),(2365,436,'2021-03-01',25),(2366,13.452,'2021-03-01',26),(2367,1.998,'2021-03-01',27),(2368,0.001139,'2021-03-01',28),(2369,0.000622,'2021-03-01',29),(2370,0.000328,'2021-03-01',30),(2371,612,'2021-03-01',31),(2372,6.02,'2021-03-01',32),(2373,0.613,'2021-03-01',33),(2374,0.0036,'2021-03-01',34),(2375,0.000328,'2021-03-01',35),(2376,0.0575,'2021-03-01',36),(2377,499,'2021-03-01',37),(2378,14.023,'2021-03-01',38),(2379,1.965,'2021-03-01',39),(2380,0.000908,'2021-03-01',40),(2381,0.000547,'2021-03-01',41),(2382,0.000298,'2021-03-01',42),(2383,591,'2021-03-01',43),(2384,4.82,'2021-03-01',44),(2385,0.478,'2021-03-01',45),(2386,0.0033,'2021-03-01',46),(2387,0.000308,'2021-03-01',47),(2388,0.076,'2021-03-01',48),(2389,479,'2021-03-01',49),(2390,18.247,'2021-03-01',50),(2391,1.966,'2021-03-01',51),(2392,0.001068,'2021-03-01',52),(2393,0.000555,'2021-03-01',53),(2394,0.000328,'2021-03-01',54),(2395,626,'2021-03-01',55),(2396,5.07,'2021-03-01',56),(2397,0.587,'2021-03-01',57),(2398,0.0038,'2021-03-01',58),(2399,0.000439,'2021-03-01',59),(2400,0.0899,'2021-03-01',60),(2401,452,'2021-04-01',1),(2402,14.356,'2021-04-01',2),(2403,1.878,'2021-04-01',3),(2404,0.000903,'2021-04-01',4),(2405,0.000692,'2021-04-01',5),(2406,0.000318,'2021-04-01',6),(2407,555,'2021-04-01',7),(2408,5.01,'2021-04-01',8),(2409,0.558,'2021-04-01',9),(2410,0.0037,'2021-04-01',10),(2411,0.000408,'2021-04-01',11),(2412,0.101,'2021-04-01',12),(2413,429,'2021-04-01',13),(2414,12.768,'2021-04-01',14),(2415,1.988,'2021-04-01',15),(2416,0.001048,'2021-04-01',16),(2417,0.000482,'2021-04-01',17),(2418,0.000358,'2021-04-01',18),(2419,636,'2021-04-01',19),(2420,6.05,'2021-04-01',20),(2421,0.628,'2021-04-01',21),(2422,0.0029,'2021-04-01',22),(2423,0.000464,'2021-04-01',23),(2424,0.0848,'2021-04-01',24),(2425,503,'2021-04-01',25),(2426,12.489,'2021-04-01',26),(2427,1.877,'2021-04-01',27),(2428,0.000763,'2021-04-01',28),(2429,0.000488,'2021-04-01',29),(2430,0.000328,'2021-04-01',30),(2431,604,'2021-04-01',31),(2432,5.52,'2021-04-01',32),(2433,0.508,'2021-04-01',33),(2434,0.0034,'2021-04-01',34),(2435,0.000318,'2021-04-01',35),(2436,0.1022,'2021-04-01',36),(2437,451,'2021-04-01',37),(2438,17.742,'2021-04-01',38),(2439,1.998,'2021-04-01',39),(2440,0.001003,'2021-04-01',40),(2441,0.000552,'2021-04-01',41),(2442,0.000288,'2021-04-01',42),(2443,546,'2021-04-01',43),(2444,5.32,'2021-04-01',44),(2445,0.564,'2021-04-01',45),(2446,0.0025,'2021-04-01',46),(2447,0.000338,'2021-04-01',47),(2448,0.094,'2021-04-01',48),(2449,436,'2021-04-01',49),(2450,15.021,'2021-04-01',50),(2451,1.998,'2021-04-01',51),(2452,0.001088,'2021-04-01',52),(2453,0.000887,'2021-04-01',53),(2454,0.000408,'2021-04-01',54),(2455,612,'2021-04-01',55),(2456,6.02,'2021-04-01',56),(2457,0.743,'2021-04-01',57),(2458,0.0037,'2021-04-01',58),(2459,0.000588,'2021-04-01',59),(2460,0.0118,'2021-04-01',60),(2461,500,'2021-05-01',1),(2462,14.023,'2021-05-01',2),(2463,1.965,'2021-05-01',3),(2464,0.000908,'2021-05-01',4),(2465,0.000612,'2021-05-01',5),(2466,0.000288,'2021-05-01',6),(2467,591,'2021-05-01',7),(2468,4.82,'2021-05-01',8),(2469,0.508,'2021-05-01',9),(2470,0.0029,'2021-05-01',10),(2471,0.000288,'2021-05-01',11),(2472,0.0973,'2021-05-01',12),(2473,479,'2021-05-01',13),(2474,18.532,'2021-05-01',14),(2475,1.985,'2021-05-01',15),(2476,0.001083,'2021-05-01',16),(2477,0.000588,'2021-05-01',17),(2478,0.000358,'2021-05-01',18),(2479,626,'2021-05-01',19),(2480,5.07,'2021-05-01',20),(2481,0.608,'2021-05-01',21),(2482,0.0029,'2021-05-01',22),(2483,0.000609,'2021-05-01',23),(2484,0.1094,'2021-05-01',24),(2485,452,'2021-05-01',25),(2486,17.782,'2021-05-01',26),(2487,1.998,'2021-05-01',27),(2488,0.000883,'2021-05-01',28),(2489,0.000752,'2021-05-01',29),(2490,0.000308,'2021-05-01',30),(2491,555,'2021-05-01',31),(2492,5.01,'2021-05-01',32),(2493,0.665,'2021-05-01',33),(2494,0.0029,'2021-05-01',34),(2495,0.000398,'2021-05-01',35),(2496,0.1125,'2021-05-01',36),(2497,429,'2021-05-01',37),(2498,13.152,'2021-05-01',38),(2499,1.785,'2021-05-01',39),(2500,0.000998,'2021-05-01',40),(2501,0.000468,'2021-05-01',41),(2502,0.000308,'2021-05-01',42),(2503,636,'2021-05-01',43),(2504,6.05,'2021-05-01',44),(2505,0.749,'2021-05-01',45),(2506,0.0029,'2021-05-01',46),(2507,0.000445,'2021-05-01',47),(2508,0.0841,'2021-05-01',48),(2509,503,'2021-05-01',49),(2510,15.038,'2021-05-01',50),(2511,1.987,'2021-05-01',51),(2512,0.000908,'2021-05-01',52),(2513,0.000612,'2021-05-01',53),(2514,0.000288,'2021-05-01',54),(2515,604,'2021-05-01',55),(2516,5.52,'2021-05-01',56),(2517,0.528,'2021-05-01',57),(2518,0.0028,'2021-05-01',58),(2519,0.000288,'2021-05-01',59),(2520,0.0973,'2021-05-01',60),(2521,455,'2021-11-01',1),(2522,14.258,'2021-11-01',2),(2523,1.985,'2021-11-01',3),(2524,0.000928,'2021-11-01',4),(2525,0.000495,'2021-11-01',5),(2526,0.000275,'2021-11-01',6),(2527,547,'2021-11-01',7),(2528,5.45,'2021-11-01',8),(2529,0.574,'2021-11-01',9),(2530,0.0029,'2021-11-01',10),(2531,0.000508,'2021-11-01',11),(2532,0.0839,'2021-11-01',12),(2533,437,'2021-11-01',13),(2534,13.639,'2021-11-01',14),(2535,1.998,'2021-11-01',15),(2536,0.001156,'2021-11-01',16),(2537,0.000637,'2021-11-01',17),(2538,0.000338,'2021-11-01',18),(2539,613,'2021-11-01',19),(2540,6.18,'2021-11-01',20),(2541,0.625,'2021-11-01',21),(2542,0.0036,'2021-11-01',22),(2543,0.000338,'2021-11-01',23),(2544,0.0584,'2021-11-01',24),(2545,500,'2021-11-01',25),(2546,14.258,'2021-11-01',26),(2547,1.985,'2021-11-01',27),(2548,0.000928,'2021-11-01',28),(2549,0.000557,'2021-11-01',29),(2550,0.000308,'2021-11-01',30),(2551,592,'2021-11-01',31),(2552,4.91,'2021-11-01',32),(2553,0.488,'2021-11-01',33),(2554,0.0034,'2021-11-01',34),(2555,0.000318,'2021-11-01',35),(2556,0.0788,'2021-11-01',36),(2557,480,'2021-11-01',37),(2558,18.775,'2021-11-01',38),(2559,1.966,'2021-11-01',39),(2560,0.001083,'2021-11-01',40),(2561,0.000565,'2021-11-01',41),(2562,0.000338,'2021-11-01',42),(2563,627,'2021-11-01',43),(2564,5.19,'2021-11-01',44),(2565,0.607,'2021-11-01',45),(2566,0.0039,'2021-11-01',46),(2567,0.000449,'2021-11-01',47),(2568,0.0919,'2021-11-01',48),(2569,453,'2021-11-01',49),(2570,14.691,'2021-11-01',50),(2571,1.897,'2021-11-01',51),(2572,0.000923,'2021-11-01',52),(2573,0.000712,'2021-11-01',53),(2574,0.000328,'2021-11-01',54),(2575,556,'2021-11-01',55),(2576,5.12,'2021-11-01',56),(2577,0.578,'2021-11-01',57),(2578,0.0037,'2021-11-01',58),(2579,0.000418,'2021-11-01',59),(2580,0.1028,'2021-11-01',60),(2581,430,'2021-12-01',1),(2582,13.985,'2021-12-01',2),(2583,1.988,'2021-12-01',3),(2584,0.001068,'2021-12-01',4),(2585,0.000497,'2021-12-01',5),(2586,0.000368,'2021-12-01',6),(2587,637,'2021-12-01',7),(2588,6.21,'2021-12-01',8),(2589,0.639,'2021-12-01',9),(2590,0.0029,'2021-12-01',10),(2591,0.000474,'2021-12-01',11),(2592,0.0856,'2021-12-01',12),(2593,504,'2021-12-01',13),(2594,12.722,'2021-12-01',14),(2595,1.891,'2021-12-01',15),(2596,0.000783,'2021-12-01',16),(2597,0.000508,'2021-12-01',17),(2598,0.000338,'2021-12-01',18),(2599,605,'2021-12-01',19),(2600,5.67,'2021-12-01',20),(2601,0.518,'2021-12-01',21),(2602,0.0035,'2021-12-01',22),(2603,0.000328,'2021-12-01',23),(2604,0.1032,'2021-12-01',24),(2605,452,'2021-12-01',25),(2606,18.021,'2021-12-01',26),(2607,1.998,'2021-12-01',27),(2608,0.001023,'2021-12-01',28),(2609,0.000562,'2021-12-01',29),(2610,0.000298,'2021-12-01',30),(2611,547,'2021-12-01',31),(2612,5.45,'2021-12-01',32),(2613,0.589,'2021-12-01',33),(2614,0.0024,'2021-12-01',34),(2615,0.000348,'2021-12-01',35),(2616,0.0958,'2021-12-01',36),(2617,437,'2021-12-01',37),(2618,15.214,'2021-12-01',38),(2619,1.998,'2021-12-01',39),(2620,0.001108,'2021-12-01',40),(2621,0.000947,'2021-12-01',41),(2622,0.000428,'2021-12-01',42),(2623,613,'2021-12-01',43),(2624,6.18,'2021-12-01',44),(2625,0.767,'2021-12-01',45),(2626,0.0037,'2021-12-01',46),(2627,0.000628,'2021-12-01',47),(2628,0.0092,'2021-12-01',48),(2629,501,'2021-12-01',49),(2630,14.258,'2021-12-01',50),(2631,1.985,'2021-12-01',51),(2632,0.000928,'2021-12-01',52),(2633,0.000632,'2021-12-01',53),(2634,0.000298,'2021-12-01',54),(2635,592,'2021-12-01',55),(2636,4.91,'2021-12-01',56),(2637,0.518,'2021-12-01',57),(2638,0.0029,'2021-12-01',58),(2639,0.000298,'2021-12-01',59),(2640,0.0992,'2021-12-01',60),(2641,480,'2022-01-01',1),(2642,19.025,'2022-01-01',2),(2643,1.985,'2022-01-01',3),(2644,0.001103,'2022-01-01',4),(2645,0.000595,'2022-01-01',5),(2646,0.000368,'2022-01-01',6),(2647,627,'2022-01-01',7),(2648,5.19,'2022-01-01',8),(2649,0.627,'2022-01-01',9),(2650,0.0029,'2022-01-01',10),(2651,0.000629,'2022-01-01',11),(2652,0.1112,'2022-01-01',12),(2653,453,'2022-01-01',13),(2654,18.266,'2022-01-01',14),(2655,1.998,'2022-01-01',15),(2656,0.000963,'2022-01-01',16),(2657,0.000772,'2022-01-01',17),(2658,0.000318,'2022-01-01',18),(2659,556,'2022-01-01',19),(2660,5.12,'2022-01-01',20),(2661,0.691,'2022-01-01',21),(2662,0.0029,'2022-01-01',22),(2663,0.000388,'2022-01-01',23),(2664,0.1155,'2022-01-01',24),(2665,430,'2022-01-01',25),(2666,14.254,'2022-01-01',26),(2667,1.785,'2022-01-01',27),(2668,0.001012,'2022-01-01',28),(2669,0.000488,'2022-01-01',29),(2670,0.000318,'2022-01-01',30),(2671,637,'2022-01-01',31),(2672,6.21,'2022-01-01',32),(2673,0.756,'2022-01-01',33),(2674,0.0029,'2022-01-01',34),(2675,0.000495,'2022-01-01',35),(2676,0.0866,'2022-01-01',36),(2677,504,'2022-01-01',37),(2678,15.215,'2022-01-01',38),(2679,1.965,'2022-01-01',39),(2680,0.000928,'2022-01-01',40),(2681,0.000632,'2022-01-01',41),(2682,0.000298,'2022-01-01',42),(2683,605,'2022-01-01',43),(2684,5.67,'2022-01-01',44),(2685,0.548,'2022-01-01',45),(2686,0.0028,'2022-01-01',46),(2687,0.000298,'2022-01-01',47),(2688,0.0992,'2022-01-01',48),(2689,456,'2022-01-01',49),(2690,14.521,'2022-01-01',50),(2691,1.998,'2022-01-01',51),(2692,0.000948,'2022-01-01',52),(2693,0.000512,'2022-01-01',53),(2694,0.000285,'2022-01-01',54),(2695,548,'2022-01-01',55),(2696,5.58,'2022-01-01',56),(2697,0.591,'2022-01-01',57),(2698,0.0029,'2022-01-01',58),(2699,0.000528,'2022-01-01',59),(2700,0.0854,'2022-01-01',60),(2701,438,'2022-02-01',1),(2702,14.038,'2022-02-01',2),(2703,1.998,'2022-02-01',3),(2704,0.001172,'2022-02-01',4),(2705,0.000652,'2022-02-01',5),(2706,0.000348,'2022-02-01',6),(2707,614,'2022-02-01',7),(2708,6.36,'2022-02-01',8),(2709,0.637,'2022-02-01',9),(2710,0.0036,'2022-02-01',10),(2711,0.000348,'2022-02-01',11),(2712,0.0593,'2022-02-01',12),(2713,502,'2022-02-01',13),(2714,14.521,'2022-02-01',14),(2715,1.998,'2022-02-01',15),(2716,0.000948,'2022-02-01',16),(2717,0.000572,'2022-02-01',17),(2718,0.000318,'2022-02-01',18),(2719,593,'2022-02-01',19),(2720,5.04,'2022-02-01',20),(2721,0.508,'2022-02-01',21),(2722,0.0034,'2022-02-01',22),(2723,0.000328,'2022-02-01',23),(2724,0.0817,'2022-02-01',24),(2725,481,'2022-02-01',25),(2726,19.282,'2022-02-01',26),(2727,1.966,'2022-02-01',27),(2728,0.001098,'2022-02-01',28),(2729,0.000575,'2022-02-01',29),(2730,0.000348,'2022-02-01',30),(2731,628,'2022-02-01',31),(2732,5.31,'2022-02-01',32),(2733,0.627,'2022-02-01',33),(2734,0.0039,'2022-02-01',34),(2735,0.000458,'2022-02-01',35),(2736,0.0939,'2022-02-01',36),(2737,454,'2022-02-01',37),(2738,15.024,'2022-02-01',38),(2739,1.912,'2022-02-01',39),(2740,0.000943,'2022-02-01',40),(2741,0.000732,'2022-02-01',41),(2742,0.000338,'2022-02-01',42),(2743,557,'2022-02-01',43),(2744,5.26,'2022-02-01',44),(2745,0.598,'2022-02-01',45),(2746,0.0037,'2022-02-01',46),(2747,0.000428,'2022-02-01',47),(2748,0.1046,'2022-02-01',48),(2749,431,'2022-02-01',49),(2750,14.321,'2022-02-01',50),(2751,1.988,'2022-02-01',51),(2752,0.001088,'2022-02-01',52),(2753,0.000512,'2022-02-01',53),(2754,0.000378,'2022-02-01',54),(2755,638,'2022-02-01',55),(2756,6.45,'2022-02-01',56),(2757,0.649,'2022-02-01',57),(2758,0.0029,'2022-02-01',58),(2759,0.000484,'2022-02-01',59),(2760,0.087,'2022-02-01',60),(2761,505,'2022-03-01',1),(2762,12.955,'2022-03-01',2),(2763,1.899,'2022-03-01',3),(2764,0.000803,'2022-03-01',4),(2765,0.000522,'2022-03-01',5),(2766,0.000348,'2022-03-01',6),(2767,606,'2022-03-01',7),(2768,5.81,'2022-03-01',8),(2769,0.528,'2022-03-01',9),(2770,0.0035,'2022-03-01',10),(2771,0.000338,'2022-03-01',11),(2772,0.1049,'2022-03-01',12),(2773,453,'2022-03-01',13),(2774,18.532,'2022-03-01',14),(2775,1.998,'2022-03-01',15),(2776,0.001043,'2022-03-01',16),(2777,0.000572,'2022-03-01',17),(2778,0.000308,'2022-03-01',18),(2779,548,'2022-03-01',19),(2780,5.58,'2022-03-01',20),(2781,0.614,'2022-03-01',21),(2782,0.0023,'2022-03-01',22),(2783,0.000358,'2022-03-01',23),(2784,0.0977,'2022-03-01',24),(2785,438,'2022-03-01',25),(2786,15.514,'2022-03-01',26),(2787,1.998,'2022-03-01',27),(2788,0.001128,'2022-03-01',28),(2789,0.000987,'2022-03-01',29),(2790,0.000448,'2022-03-01',30),(2791,614,'2022-03-01',31),(2792,6.36,'2022-03-01',32),(2793,0.791,'2022-03-01',33),(2794,0.0037,'2022-03-01',34),(2795,0.000668,'2022-03-01',35),(2796,0.0072,'2022-03-01',36),(2797,503,'2022-03-01',37),(2798,14.521,'2022-03-01',38),(2799,1.998,'2022-03-01',39),(2800,0.000948,'2022-03-01',40),(2801,0.000672,'2022-03-01',41),(2802,0.000308,'2022-03-01',42),(2803,593,'2022-03-01',43),(2804,5.04,'2022-03-01',44),(2805,0.528,'2022-03-01',45),(2806,0.0029,'2022-03-01',46),(2807,0.000308,'2022-03-01',47),(2808,0.0996,'2022-03-01',48),(2809,481,'2022-03-01',49),(2810,19.539,'2022-03-01',50),(2811,1.985,'2022-03-01',51),(2812,0.001123,'2022-03-01',52),(2813,0.000608,'2022-03-01',53),(2814,0.000378,'2022-03-01',54),(2815,628,'2022-03-01',55),(2816,5.31,'2022-03-01',56),(2817,0.646,'2022-03-01',57),(2818,0.0029,'2022-03-01',58),(2819,0.000649,'2022-03-01',59),(2820,0.1165,'2022-03-01',60),(2821,454,'2022-04-01',1),(2822,18.741,'2022-04-01',2),(2823,1.998,'2022-04-01',3),(2824,0.000943,'2022-04-01',4),(2825,0.000792,'2022-04-01',5),(2826,0.000328,'2022-04-01',6),(2827,557,'2022-04-01',7),(2828,5.26,'2022-04-01',8),(2829,0.712,'2022-04-01',9),(2830,0.0029,'2022-04-01',10),(2831,0.000408,'2022-04-01',11),(2832,0.1192,'2022-04-01',12),(2833,431,'2022-04-01',13),(2834,14.588,'2022-04-01',14),(2835,1.785,'2022-04-01',15),(2836,0.001032,'2022-04-01',16),(2837,0.000508,'2022-04-01',17),(2838,0.000318,'2022-04-01',18),(2839,638,'2022-04-01',19),(2840,6.45,'2022-04-01',20),(2841,0.765,'2022-04-01',21),(2842,0.0029,'2022-04-01',22),(2843,0.000505,'2022-04-01',23),(2844,0.0875,'2022-04-01',24),(2845,505,'2022-04-01',25),(2846,15.278,'2022-04-01',26),(2847,1.943,'2022-04-01',27),(2848,0.000948,'2022-04-01',28),(2849,0.000632,'2022-04-01',29),(2850,0.000308,'2022-04-01',30),(2851,606,'2022-04-01',31),(2852,5.81,'2022-04-01',32),(2853,0.558,'2022-04-01',33),(2854,0.0028,'2022-04-01',34),(2855,0.000308,'2022-04-01',35),(2856,0.0998,'2022-04-01',36),(2857,457,'2022-04-01',37),(2858,14.789,'2022-04-01',38),(2859,1.999,'2022-04-01',39),(2860,0.000968,'2022-04-01',40),(2861,0.000532,'2022-04-01',41),(2862,0.000295,'2022-04-01',42),(2863,549,'2022-04-01',43),(2864,5.72,'2022-04-01',44),(2865,0.607,'2022-04-01',45),(2866,0.0029,'2022-04-01',46),(2867,0.000548,'2022-04-01',47),(2868,0.087,'2022-04-01',48),(2869,439,'2022-04-01',49),(2870,14.368,'2022-04-01',50),(2871,1.998,'2022-04-01',51),(2872,0.001188,'2022-04-01',52),(2873,0.000667,'2022-04-01',53),(2874,0.000358,'2022-04-01',54),(2875,615,'2022-04-01',55),(2876,6.49,'2022-04-01',56),(2877,0.649,'2022-04-01',57),(2878,0.0036,'2022-04-01',58),(2879,0.000358,'2022-04-01',59),(2880,0.0601,'2022-04-01',60),(2881,504,'2022-05-01',1),(2882,14.789,'2022-05-01',2),(2883,1.999,'2022-05-01',3),(2884,0.000968,'2022-05-01',4),(2885,0.000587,'2022-05-01',5),(2886,0.000328,'2022-05-01',6),(2887,594,'2022-05-01',7),(2888,5.17,'2022-05-01',8),(2889,0.528,'2022-05-01',9),(2890,0.0034,'2022-05-01',10),(2891,0.000328,'2022-05-01',11),(2892,0.0844,'2022-05-01',12),(2893,482,'2022-05-01',13),(2894,19.796,'2022-05-01',14),(2895,1.966,'2022-05-01',15),(2896,0.001113,'2022-05-01',16),(2897,0.000585,'2022-05-01',17),(2898,0.000358,'2022-05-01',18),(2899,629,'2022-05-01',19),(2900,5.43,'2022-05-01',20),(2901,0.647,'2022-05-01',21),(2902,0.0039,'2022-05-01',22),(2903,0.000468,'2022-05-01',23),(2904,0.0958,'2022-05-01',24),(2905,455,'2022-05-01',25),(2906,15.256,'2022-05-01',26),(2907,1.927,'2022-05-01',27),(2908,0.000963,'2022-05-01',28),(2909,0.000752,'2022-05-01',29),(2910,0.000348,'2022-05-01',30),(2911,558,'2022-05-01',31),(2912,5.41,'2022-05-01',32),(2913,0.618,'2022-05-01',33),(2914,0.0037,'2022-05-01',34),(2915,0.000438,'2022-05-01',35),(2916,0.1064,'2022-05-01',36),(2917,432,'2022-05-01',37),(2918,14.643,'2022-05-01',38),(2919,1.998,'2022-05-01',39),(2920,0.001108,'2022-05-01',40),(2921,0.000537,'2022-05-01',41),(2922,0.000388,'2022-05-01',42),(2923,639,'2022-05-01',43),(2924,6.69,'2022-05-01',44),(2925,0.658,'2022-05-01',45),(2926,0.0029,'2022-05-01',46),(2927,0.000494,'2022-05-01',47),(2928,0.0874,'2022-05-01',48),(2929,506,'2022-05-01',49),(2930,13.189,'2022-05-01',50),(2931,1.907,'2022-05-01',51),(2932,0.000823,'2022-05-01',52),(2933,0.000537,'2022-05-01',53),(2934,0.000358,'2022-05-01',54),(2935,607,'2022-05-01',55),(2936,5.95,'2022-05-01',56),(2937,0.538,'2022-05-01',57),(2938,0.0035,'2022-05-01',58),(2939,0.000348,'2022-05-01',59),(2940,0.1066,'2022-05-01',60),(2941,454,'2022-11-01',1),(2942,19.065,'2022-11-01',2),(2943,1.998,'2022-11-01',3),(2944,0.001063,'2022-11-01',4),(2945,0.000582,'2022-11-01',5),(2946,0.000318,'2022-11-01',6),(2947,549,'2022-11-01',7),(2948,5.72,'2022-11-01',8),(2949,0.625,'2022-11-01',9),(2950,0.0022,'2022-11-01',10),(2951,0.000368,'2022-11-01',11),(2952,0.1,'2022-11-01',12),(2953,439,'2022-11-01',13),(2954,15.789,'2022-11-01',14),(2955,1.998,'2022-11-01',15),(2956,0.001148,'2022-11-01',16),(2957,0.001012,'2022-11-01',17),(2958,0.000468,'2022-11-01',18),(2959,615,'2022-11-01',19),(2960,6.49,'2022-11-01',20),(2961,0.812,'2022-11-01',21),(2962,0.0038,'2022-11-01',22),(2963,0.000708,'2022-11-01',23),(2964,0.0046,'2022-11-01',24),(2965,505,'2022-11-01',25),(2966,14.789,'2022-11-01',26),(2967,1.999,'2022-11-01',27),(2968,0.000968,'2022-11-01',28),(2969,0.000712,'2022-11-01',29),(2970,0.000328,'2022-11-01',30),(2971,594,'2022-11-01',31),(2972,5.17,'2022-11-01',32),(2973,0.548,'2022-11-01',33),(2974,0.0029,'2022-11-01',34),(2975,0.000328,'2022-11-01',35),(2976,0.0999,'2022-11-01',36),(2977,482,'2022-11-01',37),(2978,19.994,'2022-11-01',38),(2979,1.985,'2022-11-01',39),(2980,0.001138,'2022-11-01',40),(2981,0.000618,'2022-11-01',41),(2982,0.000378,'2022-11-01',42),(2983,629,'2022-11-01',43),(2984,5.43,'2022-11-01',44),(2985,0.667,'2022-11-01',45),(2986,0.0029,'2022-11-01',46),(2987,0.000689,'2022-11-01',47),(2988,0.1219,'2022-11-01',48),(2989,455,'2022-11-01',49),(2990,19.345,'2022-11-01',50),(2991,1.998,'2022-11-01',51),(2992,0.000983,'2022-11-01',52),(2993,0.000812,'2022-11-01',53),(2994,0.000328,'2022-11-01',54),(2995,558,'2022-11-01',55),(2996,5.41,'2022-11-01',56),(2997,0.734,'2022-11-01',57),(2998,0.0029,'2022-11-01',58),(2999,0.000418,'2022-11-01',59),(3000,0.1261,'2022-11-01',60),(3001,432,'2022-12-01',1),(3002,14.923,'2022-12-01',2),(3003,1.785,'2022-12-01',3),(3004,0.001052,'2022-12-01',4),(3005,0.000528,'2022-12-01',5),(3006,0.000328,'2022-12-01',6),(3007,639,'2022-12-01',7),(3008,6.69,'2022-12-01',8),(3009,0.787,'2022-12-01',9),(3010,0.0029,'2022-12-01',10),(3011,0.000525,'2022-12-01',11),(3012,0.0887,'2022-12-01',12),(3013,506,'2022-12-01',13),(3014,15.529,'2022-12-01',14),(3015,1.921,'2022-12-01',15),(3016,0.000968,'2022-12-01',16),(3017,0.000652,'2022-12-01',17),(3018,0.000318,'2022-12-01',18),(3019,607,'2022-12-01',19),(3020,5.95,'2022-12-01',20),(3021,0.568,'2022-12-01',21),(3022,0.0028,'2022-12-01',22),(3023,0.000318,'2022-12-01',23),(3024,0.0999,'2022-12-01',24),(3025,458,'2022-12-01',25),(3026,15.025,'2022-12-01',26),(3027,1.998,'2022-12-01',27),(3028,0.000988,'2022-12-01',28),(3029,0.000548,'2022-12-01',29),(3030,0.000305,'2022-12-01',30),(3031,550,'2022-12-01',31),(3032,5.87,'2022-12-01',32),(3033,0.624,'2022-12-01',33),(3034,0.0029,'2022-12-01',34),(3035,0.000568,'2022-12-01',35),(3036,0.0887,'2022-12-01',36),(3037,440,'2022-12-01',37),(3038,15.125,'2022-12-01',38),(3039,1.998,'2022-12-01',39),(3040,0.001204,'2022-12-01',40),(3041,0.000682,'2022-12-01',41),(3042,0.000368,'2022-12-01',42),(3043,616,'2022-12-01',43),(3044,6.79,'2022-12-01',44),(3045,0.659,'2022-12-01',45),(3046,0.0036,'2022-12-01',46),(3047,0.000368,'2022-12-01',47),(3048,0.0609,'2022-12-01',48),(3049,505,'2022-12-01',49),(3050,15.025,'2022-12-01',50),(3051,1.998,'2022-12-01',51),(3052,0.000988,'2022-12-01',52),(3053,0.000602,'2022-12-01',53),(3054,0.000338,'2022-12-01',54),(3055,595,'2022-12-01',55),(3056,5.3,'2022-12-01',56),(3057,0.548,'2022-12-01',57),(3058,0.0034,'2022-12-01',58),(3059,0.000338,'2022-12-01',59),(3060,0.087,'2022-12-01',60),(3061,483,'2023-01-01',1),(3062,20.289,'2023-01-01',2),(3063,1.966,'2023-01-01',3),(3064,0.001128,'2023-01-01',4),(3065,0.000595,'2023-01-01',5),(3066,0.000368,'2023-01-01',6),(3067,630,'2023-01-01',7),(3068,5.57,'2023-01-01',8),(3069,0.667,'2023-01-01',9),(3070,0.0039,'2023-01-01',10),(3071,0.000478,'2023-01-01',11),(3072,0.0977,'2023-01-01',12),(3073,456,'2023-01-01',13),(3074,15.378,'2023-01-01',14),(3075,1.942,'2023-01-01',15),(3076,0.000993,'2023-01-01',16),(3077,0.000772,'2023-01-01',17),(3078,0.000358,'2023-01-01',18),(3079,559,'2023-01-01',19),(3080,5.56,'2023-01-01',20),(3081,0.638,'2023-01-01',21),(3082,0.0037,'2023-01-01',22),(3083,0.000448,'2023-01-01',23),(3084,0.1081,'2023-01-01',24),(3085,433,'2023-01-01',25),(3086,15.045,'2023-01-01',26),(3087,1.998,'2023-01-01',27),(3088,0.001128,'2023-01-01',28),(3089,0.000562,'2023-01-01',29),(3090,0.000408,'2023-01-01',30),(3091,640,'2023-01-01',31),(3092,6.98,'2023-01-01',32),(3093,0.667,'2023-01-01',33),(3094,0.0029,'2023-01-01',34),(3095,0.000505,'2023-01-01',35),(3096,0.088,'2023-01-01',36),(3097,507,'2023-01-01',37),(3098,13.421,'2023-01-01',38),(3099,1.915,'2023-01-01',39),(3100,0.000843,'2023-01-01',40),(3101,0.000552,'2023-01-01',41),(3102,0.000368,'2023-01-01',42),(3103,608,'2023-01-01',43),(3104,6.1,'2023-01-01',44),(3105,0.548,'2023-01-01',45),(3106,0.0035,'2023-01-01',46),(3107,0.000358,'2023-01-01',47),(3108,0.1067,'2023-01-01',48),(3109,455,'2023-01-01',49),(3110,19.578,'2023-01-01',50),(3111,1.998,'2023-01-01',51),(3112,0.001083,'2023-01-01',52),(3113,0.000592,'2023-01-01',53),(3114,0.000328,'2023-01-01',54),(3115,550,'2023-01-01',55),(3116,5.87,'2023-01-01',56),(3117,0.641,'2023-01-01',57),(3118,0.0021,'2023-01-01',58),(3119,0.000378,'2023-01-01',59),(3120,0.1022,'2023-01-01',60),(3121,440,'2023-02-01',1),(3122,16.547,'2023-02-01',2),(3123,1.998,'2023-02-01',3),(3124,0.001167,'2023-02-01',4),(3125,0.001038,'2023-02-01',5),(3126,0.000508,'2023-02-01',6),(3127,616,'2023-02-01',7),(3128,6.79,'2023-02-01',8),(3129,0.836,'2023-02-01',9),(3130,0.0037,'2023-02-01',10),(3131,0.000748,'2023-02-01',11),(3132,0.0018,'2023-02-01',12),(3133,506,'2023-02-01',13),(3134,15.025,'2023-02-01',14),(3135,1.998,'2023-02-01',15),(3136,0.000988,'2023-02-01',16),(3137,0.000732,'2023-02-01',17),(3138,0.000338,'2023-02-01',18),(3139,595,'2023-02-01',19),(3140,5.3,'2023-02-01',20),(3141,0.568,'2023-02-01',21),(3142,0.0029,'2023-02-01',22),(3143,0.000338,'2023-02-01',23),(3144,0.1,'2023-02-01',24),(3145,483,'2023-02-01',25),(3146,20.576,'2023-02-01',26),(3147,1.985,'2023-02-01',27),(3148,0.001143,'2023-02-01',28),(3149,0.000628,'2023-02-01',29),(3150,0.000378,'2023-02-01',30),(3151,630,'2023-02-01',31),(3152,5.57,'2023-02-01',32),(3153,0.686,'2023-02-01',33),(3154,0.0029,'2023-02-01',34),(3155,0.000709,'2023-02-01',35),(3156,0.1278,'2023-02-01',36),(3157,456,'2023-02-01',37),(3158,19.812,'2023-02-01',38),(3159,1.998,'2023-02-01',39),(3160,0.001013,'2023-02-01',40),(3161,0.000832,'2023-02-01',41),(3162,0.000338,'2023-02-01',42),(3163,559,'2023-02-01',43),(3164,5.56,'2023-02-01',44),(3165,0.765,'2023-02-01',45),(3166,0.0029,'2023-02-01',46),(3167,0.000428,'2023-02-01',47),(3168,0.1327,'2023-02-01',48),(3169,433,'2023-02-01',49),(3170,15.845,'2023-02-01',50),(3171,1.785,'2023-02-01',51),(3172,0.001068,'2023-02-01',52),(3173,0.000548,'2023-02-01',53),(3174,0.000338,'2023-02-01',54),(3175,640,'2023-02-01',55),(3176,6.98,'2023-02-01',56),(3177,0.829,'2023-02-01',57),(3178,0.0029,'2023-02-01',58),(3179,0.000545,'2023-02-01',59),(3180,0.0895,'2023-02-01',60),(3181,507,'2023-03-01',1),(3182,16.011,'2023-03-01',2),(3183,1.899,'2023-03-01',3),(3184,0.000998,'2023-03-01',4),(3185,0.000672,'2023-03-01',5),(3186,0.000328,'2023-03-01',6),(3187,608,'2023-03-01',7),(3188,6.1,'2023-03-01',8),(3189,0.578,'2023-03-01',9),(3190,0.0028,'2023-03-01',10),(3191,0.000328,'2023-03-01',11),(3192,0.1,'2023-03-01',12),(3193,459,'2023-03-01',13),(3194,15.298,'2023-03-01',14),(3195,1.985,'2023-03-01',15),(3196,0.001008,'2023-03-01',16),(3197,0.000562,'2023-03-01',17),(3198,0.000315,'2023-03-01',18),(3199,551,'2023-03-01',19),(3200,6.05,'2023-03-01',20),(3201,0.657,'2023-03-01',21),(3202,0.0029,'2023-03-01',22),(3203,0.000588,'2023-03-01',23),(3204,0.0903,'2023-03-01',24),(3205,441,'2023-03-01',25),(3206,15.882,'2023-03-01',26),(3207,1.998,'2023-03-01',27),(3208,0.00122,'2023-03-01',28),(3209,0.000697,'2023-03-01',29),(3210,0.000378,'2023-03-01',30),(3211,617,'2023-03-01',31),(3212,6.99,'2023-03-01',32),(3213,0.675,'2023-03-01',33),(3214,0.0036,'2023-03-01',34),(3215,0.000378,'2023-03-01',35),(3216,0.0617,'2023-03-01',36),(3217,506,'2023-03-01',37),(3218,15.298,'2023-03-01',38),(3219,1.985,'2023-03-01',39),(3220,0.001008,'2023-03-01',40),(3221,0.000617,'2023-03-01',41),(3222,0.000348,'2023-03-01',42),(3223,596,'2023-03-01',43),(3224,5.43,'2023-03-01',44),(3225,0.588,'2023-03-01',45),(3226,0.0034,'2023-03-01',46),(3227,0.000348,'2023-03-01',47),(3228,0.0896,'2023-03-01',48),(3229,484,'2023-03-01',49),(3230,21.023,'2023-03-01',50),(3231,1.966,'2023-03-01',51),(3232,0.001143,'2023-03-01',52),(3233,0.000605,'2023-03-01',53),(3234,0.000378,'2023-03-01',54),(3235,631,'2023-03-01',55),(3236,5.81,'2023-03-01',56),(3237,0.687,'2023-03-01',57),(3238,0.0039,'2023-03-01',58),(3239,0.000488,'2023-03-01',59),(3240,0.0995,'2023-03-01',60),(3241,457,'2023-04-01',1),(3242,15.659,'2023-04-01',2),(3243,1.956,'2023-04-01',3),(3244,0.001023,'2023-04-01',4),(3245,0.000792,'2023-04-01',5),(3246,0.000368,'2023-04-01',6),(3247,560,'2023-04-01',7),(3248,5.71,'2023-04-01',8),(3249,0.658,'2023-04-01',9),(3250,0.0037,'2023-04-01',10),(3251,0.000458,'2023-04-01',11),(3252,0.1095,'2023-04-01',12),(3253,434,'2023-04-01',13),(3254,15.785,'2023-04-01',14),(3255,1.998,'2023-04-01',15),(3256,0.001148,'2023-04-01',16),(3257,0.000587,'2023-04-01',17),(3258,0.000418,'2023-04-01',18),(3259,641,'2023-04-01',19),(3260,7.12,'2023-04-01',20),(3261,0.678,'2023-04-01',21),(3262,0.0029,'2023-04-01',22),(3263,0.000514,'2023-04-01',23),(3264,0.0899,'2023-04-01',24),(3265,508,'2023-04-01',25),(3266,13.653,'2023-04-01',26),(3267,1.923,'2023-04-01',27),(3268,0.000863,'2023-04-01',28),(3269,0.000562,'2023-04-01',29),(3270,0.000378,'2023-04-01',30),(3271,609,'2023-04-01',31),(3272,6.32,'2023-04-01',32),(3273,0.558,'2023-04-01',33),(3274,0.0035,'2023-04-01',34),(3275,0.000378,'2023-04-01',35),(3276,0.1068,'2023-04-01',36),(3277,456,'2023-04-01',37),(3278,20.214,'2023-04-01',38),(3279,1.998,'2023-04-01',39),(3280,0.001103,'2023-04-01',40),(3281,0.000602,'2023-04-01',41),(3282,0.000338,'2023-04-01',42),(3283,551,'2023-04-01',43),(3284,6.05,'2023-04-01',44),(3285,0.669,'2023-04-01',45),(3286,0.002,'2023-04-01',46),(3287,0.000398,'2023-04-01',47),(3288,0.1045,'2023-04-01',48),(3289,441,'2023-04-01',49),(3290,17.156,'2023-04-01',50),(3291,1.998,'2023-04-01',51),(3292,0.001188,'2023-04-01',52),(3293,0.001062,'2023-04-01',53),(3294,0.000528,'2023-04-01',54),(3295,617,'2023-04-01',55),(3296,6.99,'2023-04-01',56),(3297,0.859,'2023-04-01',57),(3298,0.0037,'2023-04-01',58),(3299,0.000788,'2023-04-01',59),(3300,0.0011,'2023-04-01',60),(3301,507,'2023-05-01',1),(3302,15.298,'2023-05-01',2),(3303,1.985,'2023-05-01',3),(3304,0.001008,'2023-05-01',4),(3305,0.000792,'2023-05-01',5),(3306,0.000348,'2023-05-01',6),(3307,596,'2023-05-01',7),(3308,5.43,'2023-05-01',8),(3309,0.608,'2023-05-01',9),(3310,0.0029,'2023-05-01',10),(3311,0.000348,'2023-05-01',11),(3312,0.1,'2023-05-01',12),(3313,484,'2023-05-01',13),(3314,21.356,'2023-05-01',14),(3315,1.985,'2023-05-01',15),(3316,0.001158,'2023-05-01',16),(3317,0.000642,'2023-05-01',17),(3318,0.000398,'2023-05-01',18),(3319,631,'2023-05-01',19),(3320,5.81,'2023-05-01',20),(3321,0.707,'2023-05-01',21),(3322,0.0029,'2023-05-01',22),(3323,0.000729,'2023-05-01',23),(3324,0.1332,'2023-05-01',24),(3325,457,'2023-05-01',25),(3326,20.057,'2023-05-01',26),(3327,1.998,'2023-05-01',27),(3328,0.001043,'2023-05-01',28),(3329,0.000852,'2023-05-01',29),(3330,0.000348,'2023-05-01',30),(3331,560,'2023-05-01',31),(3332,5.71,'2023-05-01',32),(3333,0.782,'2023-05-01',33),(3334,0.0029,'2023-05-01',34),(3335,0.000438,'2023-05-01',35),(3336,0.1387,'2023-05-01',36),(3337,434,'2023-05-01',37),(3338,16.321,'2023-05-01',38),(3339,1.785,'2023-05-01',39),(3340,0.001083,'2023-05-01',40),(3341,0.000562,'2023-05-01',41),(3342,0.000348,'2023-05-01',42),(3343,641,'2023-05-01',43),(3344,7.12,'2023-05-01',44),(3345,0.812,'2023-05-01',45),(3346,0.0029,'2023-05-01',46),(3347,0.000565,'2023-05-01',47),(3348,0.0906,'2023-05-01',48),(3349,508,'2023-05-01',49),(3350,16.293,'2023-05-01',50),(3351,1.943,'2023-05-01',51),(3352,0.001008,'2023-05-01',52),(3353,0.000672,'2023-05-01',53),(3354,0.000338,'2023-05-01',54),(3355,609,'2023-05-01',55),(3356,6.32,'2023-05-01',56),(3357,0.588,'2023-05-01',57),(3358,0.0028,'2023-05-01',58),(3359,0.000338,'2023-05-01',59),(3360,0.1,'2023-05-01',60),(3361,460,'2023-11-01',1),(3362,15.489,'2023-11-01',2),(3363,1.998,'2023-11-01',3),(3364,0.001018,'2023-11-01',4),(3365,0.000582,'2023-11-01',5),(3366,0.000325,'2023-11-01',6),(3367,552,'2023-11-01',7),(3368,6.18,'2023-11-01',8),(3369,0.675,'2023-11-01',9),(3370,0.0029,'2023-11-01',10),(3371,0.000608,'2023-11-01',11),(3372,0.0918,'2023-11-01',12),(3373,442,'2023-11-01',13),(3374,16.299,'2023-11-01',14),(3375,1.998,'2023-11-01',15),(3376,0.001236,'2023-11-01',16),(3377,0.000712,'2023-11-01',17),(3378,0.000388,'2023-11-01',18),(3379,618,'2023-11-01',19),(3380,7.12,'2023-11-01',20),(3381,0.691,'2023-11-01',21),(3382,0.0036,'2023-11-01',22),(3383,0.000388,'2023-11-01',23),(3384,0.0625,'2023-11-01',24),(3385,507,'2023-11-01',25),(3386,15.489,'2023-11-01',26),(3387,1.998,'2023-11-01',27),(3388,0.001018,'2023-11-01',28),(3389,0.000632,'2023-11-01',29),(3390,0.000358,'2023-11-01',30),(3391,597,'2023-11-01',31),(3392,5.6,'2023-11-01',32),(3393,0.628,'2023-11-01',33),(3394,0.0034,'2023-11-01',34),(3395,0.000358,'2023-11-01',35),(3396,0.0912,'2023-11-01',36),(3397,485,'2023-11-01',37),(3398,21.678,'2023-11-01',38),(3399,1.966,'2023-11-01',39),(3400,0.001158,'2023-11-01',40),(3401,0.000625,'2023-11-01',41),(3402,0.000388,'2023-11-01',42),(3403,632,'2023-11-01',43),(3404,6.04,'2023-11-01',44),(3405,0.706,'2023-11-01',45),(3406,0.0039,'2023-11-01',46),(3407,0.000508,'2023-11-01',47),(3408,0.1014,'2023-11-01',48),(3409,458,'2023-11-01',49),(3410,15.851,'2023-11-01',50),(3411,1.97,'2023-11-01',51),(3412,0.001033,'2023-11-01',52),(3413,0.000812,'2023-11-01',53),(3414,0.000378,'2023-11-01',54),(3415,561,'2023-11-01',55),(3416,5.86,'2023-11-01',56),(3417,0.678,'2023-11-01',57),(3418,0.0037,'2023-11-01',58),(3419,0.000478,'2023-11-01',59),(3420,0.1108,'2023-11-01',60),(3421,435,'2023-12-01',1),(3422,16.856,'2023-12-01',2),(3423,1.998,'2023-12-01',3),(3424,0.001168,'2023-12-01',4),(3425,0.000612,'2023-12-01',5),(3426,0.000438,'2023-12-01',6),(3427,642,'2023-12-01',7),(3428,7.23,'2023-12-01',8),(3429,0.688,'2023-12-01',9),(3430,0.0029,'2023-12-01',10),(3431,0.000525,'2023-12-01',11),(3432,0.0918,'2023-12-01',12),(3433,509,'2023-12-01',13),(3434,13.922,'2023-12-01',14),(3435,1.932,'2023-12-01',15),(3436,0.000883,'2023-12-01',16),(3437,0.000572,'2023-12-01',17),(3438,0.000388,'2023-12-01',18),(3439,610,'2023-12-01',19),(3440,6.51,'2023-12-01',20),(3441,0.578,'2023-12-01',21),(3442,0.0035,'2023-12-01',22),(3443,0.000388,'2023-12-01',23),(3444,0.107,'2023-12-01',24),(3445,457,'2023-12-01',25),(3446,20.378,'2023-12-01',26),(3447,1.998,'2023-12-01',27),(3448,0.001083,'2023-12-01',28),(3449,0.000622,'2023-12-01',29),(3450,0.000348,'2023-12-01',30),(3451,552,'2023-12-01',31),(3452,6.18,'2023-12-01',32),(3453,0.687,'2023-12-01',33),(3454,0.002,'2023-12-01',34),(3455,0.000408,'2023-12-01',35),(3456,0.105,'2023-12-01',36),(3457,442,'2023-12-01',37),(3458,17.645,'2023-12-01',38),(3459,1.998,'2023-12-01',39),(3460,0.001208,'2023-12-01',40),(3461,0.001087,'2023-12-01',41),(3462,0.000548,'2023-12-01',42),(3463,618,'2023-12-01',43),(3464,7.12,'2023-12-01',44),(3465,0.907,'2023-12-01',45),(3466,0.0037,'2023-12-01',46),(3467,0.000828,'2023-12-01',47),(3468,0.0013,'2023-12-01',48),(3469,508,'2023-12-01',49),(3470,15.489,'2023-12-01',50),(3471,1.998,'2023-12-01',51),(3472,0.001018,'2023-12-01',52),(3473,0.000812,'2023-12-01',53),(3474,0.000358,'2023-12-01',54),(3475,597,'2023-12-01',55),(3476,5.6,'2023-12-01',56),(3477,0.648,'2023-12-01',57),(3478,0.0029,'2023-12-01',58),(3479,0.000358,'2023-12-01',59),(3480,0.1,'2023-12-01',60),(3481,485,'2024-01-01',1),(3482,22.045,'2024-01-01',2),(3483,1.985,'2024-01-01',3),(3484,0.001173,'2024-01-01',4),(3485,0.000652,'2024-01-01',5),(3486,0.000408,'2024-01-01',6),(3487,632,'2024-01-01',7),(3488,6.04,'2024-01-01',8),(3489,0.727,'2024-01-01',9),(3490,0.0029,'2024-01-01',10),(3491,0.000749,'2024-01-01',11),(3492,0.1351,'2024-01-01',12),(3493,458,'2024-01-01',13),(3494,20.823,'2024-01-01',14),(3495,1.998,'2024-01-01',15),(3496,0.001053,'2024-01-01',16),(3497,0.000872,'2024-01-01',17),(3498,0.000358,'2024-01-01',18),(3499,561,'2024-01-01',19),(3500,5.86,'2024-01-01',20),(3501,0.796,'2024-01-01',21),(3502,0.0029,'2024-01-01',22),(3503,0.000448,'2024-01-01',23),(3504,0.1414,'2024-01-01',24),(3505,435,'2024-01-01',25),(3506,17.389,'2024-01-01',26),(3507,1.785,'2024-01-01',27),(3508,0.001093,'2024-01-01',28),(3509,0.000582,'2024-01-01',29),(3510,0.000358,'2024-01-01',30),(3511,642,'2024-01-01',31),(3512,7.23,'2024-01-01',32),(3513,0.812,'2024-01-01',33),(3514,0.0029,'2024-01-01',34),(3515,0.000585,'2024-01-01',35),(3516,0.0926,'2024-01-01',36),(3517,509,'2024-01-01',37),(3518,17.122,'2024-01-01',38),(3519,1.987,'2024-01-01',39),(3520,0.001008,'2024-01-01',40),(3521,0.000692,'2024-01-01',41),(3522,0.000348,'2024-01-01',42),(3523,610,'2024-01-01',43),(3524,6.51,'2024-01-01',44),(3525,0.598,'2024-01-01',45),(3526,0.0028,'2024-01-01',46),(3527,0.000348,'2024-01-01',47),(3528,0.1,'2024-01-01',48),(3529,460,'2024-01-01',49),(3530,15.489,'2024-01-01',50),(3531,1.998,'2024-01-01',51),(3532,0.001018,'2024-01-01',52),(3533,0.000582,'2024-01-01',53),(3534,0.000325,'2024-01-01',54),(3535,552,'2024-01-01',55),(3536,6.18,'2024-01-01',56),(3537,0.675,'2024-01-01',57),(3538,0.0029,'2024-01-01',58),(3539,0.000608,'2024-01-01',59),(3540,0.0918,'2024-01-01',60),(3541,442,'2024-02-01',1),(3542,16.299,'2024-02-01',2),(3543,1.998,'2024-02-01',3),(3544,0.001236,'2024-02-01',4),(3545,0.000712,'2024-02-01',5),(3546,0.000388,'2024-02-01',6),(3547,618,'2024-02-01',7),(3548,7.12,'2024-02-01',8),(3549,0.691,'2024-02-01',9),(3550,0.0036,'2024-02-01',10),(3551,0.000388,'2024-02-01',11),(3552,0.0625,'2024-02-01',12),(3553,507,'2024-02-01',13),(3554,15.489,'2024-02-01',14),(3555,1.998,'2024-02-01',15),(3556,0.001018,'2024-02-01',16),(3557,0.000632,'2024-02-01',17),(3558,0.000358,'2024-02-01',18),(3559,597,'2024-02-01',19),(3560,5.6,'2024-02-01',20),(3561,0.628,'2024-02-01',21),(3562,0.0034,'2024-02-01',22),(3563,0.000358,'2024-02-01',23),(3564,0.0912,'2024-02-01',24),(3565,485,'2024-02-01',25),(3566,21.678,'2024-02-01',26),(3567,1.966,'2024-02-01',27),(3568,0.001158,'2024-02-01',28),(3569,0.000625,'2024-02-01',29),(3570,0.000388,'2024-02-01',30),(3571,632,'2024-02-01',31),(3572,6.04,'2024-02-01',32),(3573,0.706,'2024-02-01',33),(3574,0.0039,'2024-02-01',34),(3575,0.000508,'2024-02-01',35),(3576,0.1014,'2024-02-01',36),(3577,458,'2024-02-01',37),(3578,15.851,'2024-02-01',38),(3579,1.97,'2024-02-01',39),(3580,0.001033,'2024-02-01',40),(3581,0.000812,'2024-02-01',41),(3582,0.000378,'2024-02-01',42),(3583,561,'2024-02-01',43),(3584,5.86,'2024-02-01',44),(3585,0.678,'2024-02-01',45),(3586,0.0037,'2024-02-01',46),(3587,0.000478,'2024-02-01',47),(3588,0.1108,'2024-02-01',48),(3589,435,'2024-02-01',49),(3590,16.856,'2024-02-01',50),(3591,1.998,'2024-02-01',51),(3592,0.001168,'2024-02-01',52),(3593,0.000612,'2024-02-01',53),(3594,0.000438,'2024-02-01',54),(3595,642,'2024-02-01',55),(3596,7.23,'2024-02-01',56),(3597,0.688,'2024-02-01',57),(3598,0.0029,'2024-02-01',58),(3599,0.000525,'2024-02-01',59),(3600,0.0923,'2024-02-01',60),(3601,509,'2024-03-01',1),(3602,13.922,'2024-03-01',2),(3603,1.932,'2024-03-01',3),(3604,0.000883,'2024-03-01',4),(3605,0.000572,'2024-03-01',5),(3606,0.000388,'2024-03-01',6),(3607,610,'2024-03-01',7),(3608,6.51,'2024-03-01',8),(3609,0.578,'2024-03-01',9),(3610,0.0035,'2024-03-01',10),(3611,0.000388,'2024-03-01',11),(3612,0.1075,'2024-03-01',12),(3613,457,'2024-03-01',13),(3614,20.378,'2024-03-01',14),(3615,1.998,'2024-03-01',15),(3616,0.001083,'2024-03-01',16),(3617,0.000622,'2024-03-01',17),(3618,0.000348,'2024-03-01',18),(3619,552,'2024-03-01',19),(3620,6.18,'2024-03-01',20),(3621,0.687,'2024-03-01',21),(3622,0.002,'2024-03-01',22),(3623,0.000408,'2024-03-01',23),(3624,0.1063,'2024-03-01',24),(3625,442,'2024-03-01',25),(3626,17.645,'2024-03-01',26),(3627,1.998,'2024-03-01',27),(3628,0.001208,'2024-03-01',28),(3629,0.001087,'2024-03-01',29),(3630,0.000548,'2024-03-01',30),(3631,618,'2024-03-01',31),(3632,7.12,'2024-03-01',32),(3633,0.907,'2024-03-01',33),(3634,0.0037,'2024-03-01',34),(3635,0.000828,'2024-03-01',35),(3636,0.0151,'2024-03-01',36),(3637,508,'2024-03-01',37),(3638,15.489,'2024-03-01',38),(3639,1.998,'2024-03-01',39),(3640,0.001018,'2024-03-01',40),(3641,0.000812,'2024-03-01',41),(3642,0.000358,'2024-03-01',42),(3643,597,'2024-03-01',43),(3644,5.6,'2024-03-01',44),(3645,0.648,'2024-03-01',45),(3646,0.0029,'2024-03-01',46),(3647,0.000358,'2024-03-01',47),(3648,0.0102,'2024-03-01',48),(3649,485,'2024-03-01',49),(3650,22.045,'2024-03-01',50),(3651,1.985,'2024-03-01',51),(3652,0.001173,'2024-03-01',52),(3653,0.000652,'2024-03-01',53),(3654,0.000408,'2024-03-01',54),(3655,632,'2024-03-01',55),(3656,6.04,'2024-03-01',56),(3657,0.727,'2024-03-01',57),(3658,0.0029,'2024-03-01',58),(3659,0.000749,'2024-03-01',59),(3660,0.01351,'2024-03-01',60),(3661,458,'2024-04-01',1),(3662,20.823,'2024-04-01',2),(3663,1.998,'2024-04-01',3),(3664,0.001053,'2024-04-01',4),(3665,0.000872,'2024-04-01',5),(3666,0.000358,'2024-04-01',6),(3667,561,'2024-04-01',7),(3668,5.86,'2024-04-01',8),(3669,0.796,'2024-04-01',9),(3670,0.0029,'2024-04-01',10),(3671,0.000448,'2024-04-01',11),(3672,0.01414,'2024-04-01',12),(3673,435,'2024-04-01',13),(3674,17.389,'2024-04-01',14),(3675,1.785,'2024-04-01',15),(3676,0.001093,'2024-04-01',16),(3677,0.000582,'2024-04-01',17),(3678,0.000358,'2024-04-01',18),(3679,642,'2024-04-01',19),(3680,7.23,'2024-04-01',20),(3681,0.812,'2024-04-01',21),(3682,0.0029,'2024-04-01',22),(3683,0.000585,'2024-04-01',23),(3684,0.00926,'2024-04-01',24),(3685,509,'2024-04-01',25),(3686,17.122,'2024-04-01',26),(3687,1.987,'2024-04-01',27),(3688,0.001008,'2024-04-01',28),(3689,0.000692,'2024-04-01',29),(3690,0.000348,'2024-04-01',30),(3691,610,'2024-04-01',31),(3692,6.51,'2024-04-01',32),(3693,0.598,'2024-04-01',33),(3694,0.0028,'2024-04-01',34),(3695,0.000348,'2024-04-01',35),(3696,0.01,'2024-04-01',36),(3697,461,'2024-04-01',37),(3698,15.756,'2024-04-01',38),(3699,1.998,'2024-04-01',39),(3700,0.001028,'2024-04-01',40),(3701,0.000602,'2024-04-01',41),(3702,0.000335,'2024-04-01',42),(3703,553,'2024-04-01',43),(3704,6.35,'2024-04-01',44),(3705,0.687,'2024-04-01',45),(3706,0.0029,'2024-04-01',46),(3707,0.000618,'2024-04-01',47),(3708,0.0923,'2024-04-01',48),(3709,443,'2024-04-01',49),(3710,17.001,'2024-04-01',50),(3711,1.998,'2024-04-01',51),(3712,0.001252,'2024-04-01',52),(3713,0.000727,'2024-04-01',53),(3714,0.000398,'2024-04-01',54),(3715,619,'2024-04-01',55),(3716,7.25,'2024-04-01',56),(3717,0.707,'2024-04-01',57),(3718,0.0036,'2024-04-01',58),(3719,0.000398,'2024-04-01',59),(3720,0.0629,'2024-04-01',60),(3721,508,'2024-05-01',1),(3722,15.756,'2024-05-01',2),(3723,1.998,'2024-05-01',3),(3724,0.001028,'2024-05-01',4),(3725,0.000642,'2024-05-01',5),(3726,0.000368,'2024-05-01',6),(3727,598,'2024-05-01',7),(3728,5.75,'2024-05-01',8),(3729,0.648,'2024-05-01',9),(3730,0.0034,'2024-05-01',10),(3731,0.000368,'2024-05-01',11),(3732,0.0918,'2024-05-01',12),(3733,486,'2024-05-01',13),(3734,22.412,'2024-05-01',14),(3735,1.966,'2024-05-01',15),(3736,0.001183,'2024-05-01',16),(3737,0.000642,'2024-05-01',17),(3738,0.000398,'2024-05-01',18),(3739,633,'2024-05-01',19),(3740,6.29,'2024-05-01',20),(3741,0.727,'2024-05-01',21),(3742,0.0039,'2024-05-01',22),(3743,0.000518,'2024-05-01',23),(3744,0.1019,'2024-05-01',24),(3745,459,'2024-05-01',25),(3746,16.015,'2024-05-01',26),(3747,1.984,'2024-05-01',27),(3748,0.001043,'2024-05-01',28),(3749,0.000832,'2024-05-01',29),(3750,0.000388,'2024-05-01',30),(3751,562,'2024-05-01',31),(3752,6.01,'2024-05-01',32),(3753,0.698,'2024-05-01',33),(3754,0.0037,'2024-05-01',34),(3755,0.000488,'2024-05-01',35),(3756,0.1118,'2024-05-01',36),(3757,436,'2024-05-01',37),(3758,17.499,'2024-05-01',38),(3759,1.998,'2024-05-01',39),(3760,0.001188,'2024-05-01',40),(3761,0.000637,'2024-05-01',41),(3762,0.000448,'2024-05-01',42),(3763,643,'2024-05-01',43),(3764,7.34,'2024-05-01',44),(3765,0.698,'2024-05-01',45),(3766,0.0029,'2024-05-01',46),(3767,0.000535,'2024-05-01',47),(3768,0.0927,'2024-05-01',48),(3769,510,'2024-05-01',49),(3770,14.189,'2024-05-01',50),(3771,1.941,'2024-05-01',51),(3772,0.000903,'2024-05-01',52),(3773,0.000582,'2024-05-01',53),(3774,0.000398,'2024-05-01',54),(3775,611,'2024-05-01',55),(3776,6.7,'2024-05-01',56),(3777,0.608,'2024-05-01',57),(3778,0.0035,'2024-05-01',58),(3779,0.000398,'2024-05-01',59),(3780,0.1085,'2024-05-01',60);
/*!40000 ALTER TABLE `données` ENABLE KEYS */;
UNLOCK TABLES;

--
-- Table structure for table `gaz`
--

DROP TABLE IF EXISTS `gaz`;
/*!40101 SET @saved_cs_client     = @@character_set_client */;
/*!50503 SET character_set_client = utf8mb4 */;
CREATE TABLE `gaz` (
  `Id_Gaz` int NOT NULL AUTO_INCREMENT,
  `Nom_de_Gaz` varchar(20) DEFAULT NULL,
  `Classification_` varchar(50) DEFAULT NULL,
  PRIMARY KEY (`Id_Gaz`)
) ENGINE=InnoDB AUTO_INCREMENT=13 DEFAULT CHARSET=utf8mb4 COLLATE=utf8mb4_0900_ai_ci;
/*!40101 SET character_set_client = @saved_cs_client */;

--
-- Dumping data for table `gaz`
--

LOCK TABLES `gaz` WRITE;
/*!40000 ALTER TABLE `gaz` DISABLE KEYS */;
INSERT INTO `gaz` VALUES (1,'CO2 bio','Gaz à effet de serre'),(2,'NH3','Acidificateurs'),(3,'CH4','Gaz à effet de serre'),(4,'PFC','Gaz à effet de serre'),(5,'HFC','Gaz à effet de serre'),(6,'SF6','Gaz à effet de serre'),(7,'CO2 non bio','Gaz à effet de serre'),(8,'N2O','Gaz à effet de serre'),(9,'CO','Acidificateurs'),(10,'H2S','Acidificateurs'),(11,'N2O5','Acidificateurs'),(12,'HCHO','Gaz à effet de serre');
/*!40000 ALTER TABLE `gaz` ENABLE KEYS */;
UNLOCK TABLES;

--
-- Table structure for table `personnel_`
--

DROP TABLE IF EXISTS `personnel_`;
/*!40101 SET @saved_cs_client     = @@character_set_client */;
/*!50503 SET character_set_client = utf8mb4 */;
CREATE TABLE `personnel_` (
  `Id_personnel_` int NOT NULL AUTO_INCREMENT,
  `Date_de_prise_du_poste` date DEFAULT NULL,
  `Date_de_naissance_` date NOT NULL,
  `Nom` varchar(50) DEFAULT NULL,
  `Prénom_` varchar(50) DEFAULT NULL,
  `Adresse_Postal_` varchar(100) DEFAULT NULL,
  `Num_de_telephone` varchar(50) DEFAULT NULL,
  `Id_Agence` int NOT NULL,
  PRIMARY KEY (`Id_personnel_`),
  KEY `Id_Agence` (`Id_Agence`),
  CONSTRAINT `personnel__ibfk_1` FOREIGN KEY (`Id_Agence`) REFERENCES `agence_` (`Id_Agence`)
) ENGINE=InnoDB AUTO_INCREMENT=181 DEFAULT CHARSET=utf8mb4 COLLATE=utf8mb4_0900_ai_ci;
/*!40101 SET character_set_client = @saved_cs_client */;

--
-- Dumping data for table `personnel_`
--

LOCK TABLES `personnel_` WRITE;
/*!40000 ALTER TABLE `personnel_` DISABLE KEYS */;
INSERT INTO `personnel_` VALUES (81,'2013-06-10','1965-06-12','Dubois','Adèle','37 Rue de Rivoli, 75001 Paris','03 67 06 56 67',1),(82,'2014-08-07','1972-09-05','El-Masri','Amir','58 Rue du Maréchal Joffre, 78000 Versailles','04 56 05 67 56',2),(83,'2013-09-03','1978-11-23','Nkosi','Yasmine','23 Rue de Bellevue, 92100 Boulogne-Billancourt','01 23 45 67 89',3),(84,'2012-07-26','1983-03-15','Giroud','Mathieu','91 Rue Gabriel Péri, 93200 Saint-Denis','02 34 56 78 90',4),(85,'2016-10-25','1990-08-09','Yamamoto','Aya','42 Rue de la République, 13001 Marseille','03 45 67 89 01',5),(86,'2013-05-19','1987-12-28','Mbappé','Thierry','65 Promenade des Anglais, 06000 Nice','04 56 78 90 12',6),(87,'2018-06-15','1974-04-02','Toure','Amira','14 Place de la Liberté, 83000 Toulon','05 67 89 01 23',7),(88,'2012-02-16','1968-07-19','Ronaldo','Hugo','76 Place du Palais des Papes, 84000 Avignon','06 78 90 12 34',8),(89,'2014-04-12','1976-10-31','Diop','Leila','29 Place des Terreaux, 69001 Lyon','07 89 01 23 45',9),(90,'2016-01-03','1988-01-07','Varane','Raphael','83 Place Grenette, 38000 Grenoble','08 90 12 34 56',10),(91,'2018-03-15','1985-05-20','Ouattara','Nora','55 Place de Jaude, 63000 Clermont-Ferrand','09 01 23 45 67',11),(92,'2016-12-28','1970-09-11','Salah','Zinedine','17 Place du Peuple, 42000 Saint-Étienne','01 98 76 54 32',12),(93,'2018-05-09','1966-02-14','Toure','Malik','28 Place du Capitole, 31000 Toulouse','02 87 65 43 21',13),(94,'2014-10-16','1979-06-25','Leclerc','Émilie','47 Place de la Comédie, 34000 Montpellier','03 76 54 32 10',14),(95,'2013-11-20','1981-12-03','Eto\'o','Karim','39 Rue de la République, 30000 Nîmes','04 65 43 21 09',15),(96,'2013-01-25','1997-08-30','Fofana','Inès','72 Place de la Loge, 66000 Perpignan','05 54 32 10 98',16),(97,'2018-09-08','1962-04-09','Messi','Kylian','61 Place de la Bourse, 33000 Bordeaux','06 43 21 09 87',17),(98,'2014-03-22','1993-07-13','Kante','Safiya','95 Place de Verdun, 17000 La Rochelle','07 32 10 98 76',18),(99,'2017-01-18','1980-10-17','Agüero','Antoine','12 Place de la Motte, 87000 Limoges','08 21 09 87 65',19),(100,'2016-08-02','1971-01-28','Traoré','Fatoumata','24 Place Royale, 64000 Pau','09 10 98 76 54',20),(101,'2012-10-12','1995-05-06','Neymar','Lucas','59 Rue de la Paix, 75002 Paris','01 80 90 12 34',1),(102,'2016-02-24','1977-11-11','Bamba','Anwar','76 Avenue de Paris, 78000 Versailles','02 70 80 90 12',2),(103,'2016-05-24','1963-02-22','Pogba','Elodie','33 Avenue André Morizet, 92100 Boulogne-Billancourt','03 60 70 80 90',3),(104,'2014-07-13','1989-06-04','Mahrez','Ahmed','78 Avenue du Président Wilson, 93210 Saint-Denis','04 50 60 70 80',4),(105,'2018-06-19','1992-09-16','Touré','Mariam','25 Quai des Belges, 13002 Marseille','05 40 50 60 70',5),(106,'2015-09-24','1964-03-08','Benzema','François','63 Rue de France, 06100 Nice','06 30 40 50 60',6),(107,'2018-04-07','1973-07-21','Abdi','Samira','45 Rue d\'Alger, 83100 Toulon','07 20 30 40 50',7),(108,'2018-02-15','1982-11-01','Lewandowski','Paul','81 Rue de la République, 84100 Avignon','08 10 20 30 40',8),(109,'2016-11-02','1999-04-18','Di Maria','Léa','12 Quai Saint-Antoine, 69002 Lyon','09 99 10 20 30',9),(110,'2017-10-26','1967-12-08','Ibrahimovic','Malik','37 Rue Félix Poulat, 38100 Grenoble','01 88 99 10 20',10),(111,'2012-07-29','1975-12-29','Kova?i?','Yasmina','54 Rue Blatin, 63100 Clermont-Ferrand','02 77 88 99 10',11),(112,'2018-06-03','1981-09-16','Diaby','Omar','88 Rue de la République, 42100 Saint-Étienne','03 66 77 88 99',12),(113,'2014-05-20','1991-07-03','Griezmann','Julie','59 Rue de Metz, 31100 Toulouse','04 55 66 77 88',13),(114,'2018-08-26','1979-10-10','Aubameyang','Hakim','45 Rue de la Loge, 34100 Montpellier','05 44 55 66 77',14),(115,'2017-02-07','1986-01-12','Oshimi','Selma','28 Boulevard Gambetta, 30100 Nîmes','06 33 44 55 66',15),(116,'2017-07-27','1961-05-24','Modri?','Lionel','69 Rue de l\'Ange, 66100 Perpignan','07 22 33 44 55',16),(117,'2017-07-16','1966-09-29','Diop','Yasir','57 Rue Sainte-Catherine, 33100 Bordeaux','08 11 22 33 44',17),(118,'2015-12-26','1978-02-05','Hazard','Clara','35 Rue du Palais, 17100 La Rochelle','09 00 11 22 33',18),(119,'2015-04-24','1980-06-14','Son','Riyad','48 Rue de la Boucherie, 87100 Limoges','01 89 09 99 99',19),(120,'2016-08-04','1993-06-02','Alaba','Hafsa','73 Boulevard des Pyrénées, 64100 Pau','02 78 89 09 98',20),(121,'2018-01-13','1998-04-20','Kane','Karim','93 Rue des Halles, 75003 Paris','03 67 78 09 97',1),(122,'2014-05-23','1970-08-07','Kova?','Sofia','70 Rue du Vieux Versailles, 78000 Versailles','04 56 67 89 96',2),(123,'2012-11-07','1983-12-24','Rashford','Thomas','19 Rue de Silly, 92100 Boulogne-Billancourt','05 45 56 78 95',3),(124,'2016-02-04','1995-03-31','Mahrez','Djamila','80 Rue de la République, 93220 Saint-Denis','06 34 45 67 94',4),(125,'2015-12-01','1972-07-08','Mbemba','Benjamin','56 Rue Saint-Ferréol, 13003 Marseille','07 23 34 56 93',5),(126,'2012-04-15','1965-10-23','Benzema','Salma','26 Avenue Jean Médecin, 06200 Nice','08 12 23 45 92',6),(127,'2015-09-13','1976-02-17','Dembélé','Didier','64 Avenue de la République, 83200 Toulon','09 01 12 34 91',7),(128,'2015-08-19','1990-06-30','Alves','Leïla','38 Rue Joseph Vernet, 84200 Avignon','01 90 01 23 90',8),(129,'2012-01-24','1987-11-19','Salah','Eden','82 Rue de la République, 69003 Lyon','02 89 12 34 89',9),(130,'2015-06-03','1964-04-13','Kante','Aïcha','51 Boulevard Gambetta, 38200 Grenoble','03 78 23 45 78',10),(131,'2014-11-30','1981-08-02','Kane','Mathieu','49 Boulevard Lafayette, 63200 Clermont-Ferrand','04 67 34 56 67',11),(132,'2016-04-20','1977-12-19','Salah','Amira','25 Boulevard Jules Janin, 42200 Saint-Étienne','05 56 45 67 56',12),(133,'2017-10-09','1968-03-26','De Bruyne','Olivier','72 Allées Jean Jaurès, 31200 Toulouse','06 45 56 78 45',13),(134,'2013-12-15','1992-08-09','Ronaldo','Inès','67 Allées Provençales, 34000 Montpellier','07 34 67 89 34',14),(135,'2018-06-18','1989-01-01','Neymar','Zakaria','14 Allée François Verdier, 30000 Nîmes','08 23 45 67 23',15),(136,'2017-06-12','1974-02-28','Messi','Zara','34 Allée Jules Guesde, 66000 Perpignan','09 12 34 56 12',16),(137,'2012-11-02','1978-05-15','Sané','Hugo','49 Allée de Barcelone, 33000 Bordeaux','01 01 23 45 01',17),(138,'2013-11-10','1984-10-28','Kovacic','Inès','87 Allée Léon Gambetta, 17000 La Rochelle','02 90 12 34 90',18),(139,'2018-10-12','1993-12-03','Sterling','Yassin','22 Allée Franklin Roosevelt, 87000 Limoges','03 89 01 23 89',19),(140,'2012-04-28','1973-04-01','Mané','Youssef','35 Allée Victor Hugo, 64000 Pau','04 78 90 12 78',20),(141,'2014-04-11','1996-09-09','Dembele','Lina','52 Allée de la Libération, 75004 Paris','05 67 89 01 67',1),(142,'2015-06-01','1969-02-14','Salah','Léon','10 Allée du Parc, 78000 Versailles','06 56 67 89 56',2),(143,'2015-03-28','1988-06-29','Sancho','Nour','29 Allée des Tilleuls, 92100 Boulogne-Billancourt','07 45 56 78 45',3),(144,'2017-12-12','1976-01-05','Immobile','Nora','77 Allée des Lilas, 93230 Saint-Denis','08 34 45 67 34',4),(145,'2018-01-10','1991-09-15','Hazard','Hugo','36 Allée des Mimosas, 13004 Marseille','09 23 34 56 23',5),(146,'2017-04-17','1974-04-29','Vardy','Inès','91 Allée des Ormes, 06000 Nice','01 12 34 56 12',6),(147,'2013-05-19','1997-11-02','De Bruyne','Yassin','53 Allée des Acacias, 83000 Toulon','02 01 23 45 01',7),(148,'2017-01-09','1965-03-12','Ronaldo','Léa','18 Allée des Lavandes, 84000 Avignon','03 90 12 34 90',8),(149,'2018-12-25','1980-11-22','Modri?','Youssef','42 Allée des Cèdres, 69000 Lyon','04 89 01 23 89',9),(150,'2017-11-01','1966-08-15','Neymar','Lina','65 Allée des Sapins, 38000 Grenoble','05 78 90 12 78',10),(151,'2013-03-25','1995-05-05','Sterling','Léon','24 Allée des Magnolias, 63000 Clermont-Ferrand','06 67 89 01 67',11),(152,'2014-08-23','1973-12-10','Mané','Nour','88 Allée des Roses, 42000 Saint-Étienne','07 56 67 89 56',12),(153,'2014-07-11','1983-10-20','Dembele','Nora','73 Allée des Violette, 31000 Toulouse','08 45 56 78 45',13),(154,'2016-09-13','1978-07-18','Salah','Hugo','57 Allée des Lauriers, 34000 Montpellier','09 34 45 67 34',14),(155,'2013-12-06','1994-09-25','Sané','Inès','39 Allée des Châtaigniers, 30000 Nîmes','01 23 34 56 12',15),(156,'2014-07-20','1963-02-13','Salah','Yassin','14 Allée des Pins, 66000 Perpignan','02 12 34 56 01',16),(157,'2018-12-17','1998-12-06','Sancho','Léa','19 Allée des Iris, 33000 Bordeaux','03 01 23 45 90',17),(158,'2018-02-24','1964-03-08','Immobile','Léon','81 Allée des Tamaris, 17000 La Rochelle','04 90 12 34 89',18),(159,'2014-11-11','1986-02-18','Hazard','Nour','28 Allée des Peupliers, 87000 Limoges','05 89 01 23 78',19),(160,'2014-11-13','1971-06-11','Vardy','Hugo','6 Allée des Ormes, 64000 Pau','06 78 90 12 67',20),(161,'2017-09-30','1986-03-27','Fati','Benjamin','50 Rue du Faubourg Saint-Antoine, 75005 Paris','07 67 06 56 67',1),(162,'2018-02-21','1990-07-12','Mane','Amina','46 Rue Royale, 78000 Versailles','08 56 05 67 56',2),(163,'2018-06-17','1971-10-26','Aubameyang','Laurent','35 Avenue Pierre Grenier, 92100 Boulogne-Billancourt','09 45 04 78 45',3),(164,'2018-11-16','1980-02-10','Mahrez','Selma','89 Rue des Ursulines, 93240 Saint-Denis','01 34 03 89 34',4),(165,'2012-12-30','1992-06-02','Silva','Corentin','91 Boulevard Longchamp, 13005 Marseille','02 23 02 90 23',5),(166,'2017-05-14','1965-09-15','Dembélé','Nadia','16 Avenue de la Californie, 06400 Nice','03 12 01 01 12',6),(167,'2014-11-03','1979-01-09','Ramos','Vincent','38 Rue Jean Jaurès, 83400 Toulon','04 01 90 12 01',7),(168,'2017-02-04','1996-05-22','Kanté','Farida','94 Boulevard Limbert, 84400 Avignon','05 90 09 23 90',8),(169,'2014-12-19','1988-10-12','Alves','Alexandre','68 Place Bellecour, 69005 Lyon','06 89 08 34 89',9),(170,'2018-07-15','1963-02-25','Griezmann','Fatoumata','75 Avenue Félix Viallet, 38400 Grenoble','07 78 07 45 78',10),(171,'2014-10-11','1974-06-07','Sané','Philippe','42 Avenue de la République, 63400 Clermont-Ferrand','08 67 06 56 67',11),(172,'2013-04-15','1965-09-20','Touré','Yasmine','59 Rue Gambetta, 42400 Saint-Étienne','09 56 05 67 56',12),(173,'2017-02-08','1968-11-30','Agüero','Olivier','36 Boulevard Lascrosses, 31400 Toulouse','01 45 04 78 45',13),(174,'2012-09-02','1972-05-07','Salah','Zara','60 Rue de Aiguillerie, 34400 Montpellier','02 34 03 89 34',14),(175,'2014-01-13','1984-08-25','Diawara','Mathieu','11 Rue de la Madeleine, 30400 Nîmes','03 23 02 90 23',15),(176,'2013-02-27','1996-01-18','Pogba','Safiya','62 Rue de la Fusterie, 66400 Perpignan','04 12 01 01 12',16),(177,'2018-09-09','1975-10-02','Ziyech','Karim','80 Rue Fondaudège, 33400 Bordeaux','05 01 90 12 01',17),(178,'2013-12-18','1966-12-19','De Bruyne','Leïla','57 Avenue Charles de Gaulle, 17400 La Rochelle','06 90 09 23 90',18),(179,'2015-10-05','1978-03-24','Mendy','Florian','54 Avenue des Bénédictins, 87400 Limoges','07 89 08 34 89',19),(180,'2017-11-28','1989-07-28','Elneny','Aïcha','45 Boulevard Hauterive, 64400 Pau','08 78 07 45 78',20);
/*!40000 ALTER TABLE `personnel_` ENABLE KEYS */;
UNLOCK TABLES;

--
-- Table structure for table `personnel_administratifs`
--

DROP TABLE IF EXISTS `personnel_administratifs`;
/*!40101 SET @saved_cs_client     = @@character_set_client */;
/*!50503 SET character_set_client = utf8mb4 */;
CREATE TABLE `personnel_administratifs` (
  `Id_personnel_` int NOT NULL,
  PRIMARY KEY (`Id_personnel_`),
  CONSTRAINT `personnel_administratifs_ibfk_1` FOREIGN KEY (`Id_personnel_`) REFERENCES `personnel_` (`Id_personnel_`)
) ENGINE=InnoDB DEFAULT CHARSET=utf8mb4 COLLATE=utf8mb4_0900_ai_ci;
/*!40101 SET character_set_client = @saved_cs_client */;

--
-- Dumping data for table `personnel_administratifs`
--

LOCK TABLES `personnel_administratifs` WRITE;
/*!40000 ALTER TABLE `personnel_administratifs` DISABLE KEYS */;
INSERT INTO `personnel_administratifs` VALUES (101),(102),(103),(104),(105),(106),(107),(108),(109),(110),(111),(112),(113),(114),(115),(116),(117),(118),(119),(120),(121),(122),(123),(124),(125),(126),(127),(128),(129),(130),(131),(132),(133),(134),(135),(136),(137),(138),(139),(140);
/*!40000 ALTER TABLE `personnel_administratifs` ENABLE KEYS */;
UNLOCK TABLES;

--
-- Table structure for table `personnel_technique`
--

DROP TABLE IF EXISTS `personnel_technique`;
/*!40101 SET @saved_cs_client     = @@character_set_client */;
/*!50503 SET character_set_client = utf8mb4 */;
CREATE TABLE `personnel_technique` (
  `Id_personnel_` int NOT NULL,
  PRIMARY KEY (`Id_personnel_`),
  CONSTRAINT `personnel_technique_ibfk_1` FOREIGN KEY (`Id_personnel_`) REFERENCES `personnel_` (`Id_personnel_`)
) ENGINE=InnoDB DEFAULT CHARSET=utf8mb4 COLLATE=utf8mb4_0900_ai_ci;
/*!40101 SET character_set_client = @saved_cs_client */;

--
-- Dumping data for table `personnel_technique`
--

LOCK TABLES `personnel_technique` WRITE;
/*!40000 ALTER TABLE `personnel_technique` DISABLE KEYS */;
INSERT INTO `personnel_technique` VALUES (141),(142),(143),(144),(145),(146),(147),(148),(149),(150),(151),(152),(153),(154),(155),(156),(157),(158),(159),(160),(161),(162),(163),(164),(165),(166),(167),(168),(169),(170),(171),(172),(173),(174),(175),(176),(177),(178),(179),(180);
/*!40000 ALTER TABLE `personnel_technique` ENABLE KEYS */;
UNLOCK TABLES;

--
-- Table structure for table `rapport_`
--

DROP TABLE IF EXISTS `rapport_`;
/*!40101 SET @saved_cs_client     = @@character_set_client */;
/*!50503 SET character_set_client = utf8mb4 */;
CREATE TABLE `rapport_` (
  `Id_Rapport_` int NOT NULL AUTO_INCREMENT,
  `_Titre` longtext,
  `Date_Parution` date DEFAULT NULL,
  PRIMARY KEY (`Id_Rapport_`)
) ENGINE=InnoDB AUTO_INCREMENT=541 DEFAULT CHARSET=utf8mb4 COLLATE=utf8mb4_0900_ai_ci;
/*!40101 SET character_set_client = @saved_cs_client */;

--
-- Dumping data for table `rapport_`
--

LOCK TABLES `rapport_` WRITE;
/*!40000 ALTER TABLE `rapport_` DISABLE KEYS */;
INSERT INTO `rapport_` VALUES (1,'Bilan des Émissions de CO2 Biologique à Paris : Tendances et Impacts  ','2016-09-01'),(2,'NH3 à Paris : Bilan Environnemental','2016-10-05'),(3,'Rapport sur les Émissions de CH4 à Paris : Analyse Globale','2016-09-12'),(4,'PFC à Versailles : État des Lieux Actuel','2016-10-15'),(5,'HFC à Versailles : Évaluation des Données','2016-10-15'),(6,'Analyse des Émissions de SF6 à Versailles : Impact Environnemental','2016-08-21'),(7,'Rapport sur les Émissions de CO2 non bio à Boulogne-Billancourt : Vue d\'Ensemble','2016-08-05'),(8,'N2O à Boulogne-Billancourt : Étude Approfondie et Solutions','2016-10-11'),(9,'Émissions de CO à Boulogne-Billancourt : Analyse et Stratégies d\'Amélioration','2016-10-04'),(10,'Rapport sur les Émissions de H2S à Saint-Denis : Impact Environnemental et Solutions','2016-09-08'),(11,'Rapport sur les Émissions de N2O5 à Saint-Denis : Évaluation et Recommandations','2016-09-25'),(12,'Analyse des Émissions de HCHO à Saint-Denis : Enjeux et Actions pour la Qualité de l\'Air','2016-10-30'),(13,'Analyse des Émissions de CO2 Biologiques à Marseille : Tendances et Perspectives','2016-08-03'),(14,'Émissions de NH3 à Marseille : Évaluation Environnementale','2016-08-07'),(15,'Rapport sur les Émissions de CH4 à Marseille : Vue d\'Ensemble et Impacts','2016-08-11'),(16,'État des Lieux Actuel : Émissions de PFC à Nice','2016-08-15'),(17,'Évaluation des Données : Émissions de HFC à Nice','2016-08-19'),(18,'Analyse des Émissions de SF6 à Nice: Impact Environnemental','2016-08-23'),(19,'Rapport sur les Émissions de CO2 non bio à Toulon: Vue d\'Ensemble','2016-08-27'),(20,'N2O à Toulon: Étude Approfondie et Solutions','2016-08-31'),(21,'Émissions de CO à Toulon: Analyse et Stratégies d\'Amélioration','2016-09-04'),(22,'Rapport sur les Émissions de H2S à Avignon: Impact Environnemental et Solutions','2016-09-08'),(23,'Rapport sur les Émissions de N2O5 à Avignon: Évaluation et Recommandations','2016-09-12'),(24,'Analyse des Émissions de HCHO à Avignon: Enjeux et Actions pour la Qualité de l\'Air','2016-09-16'),(25,'Évaluation des Émissions de CO2 Biologique à Lyon : Tendances et Impacts','2016-09-20'),(26,'NH3 à Lyon : Bilan Environnemental','2016-09-24'),(27,'Rapport sur les Émissions de CH4 à Lyon : Analyse Globale','2016-09-28'),(28,'PFC à Grenoble : État des Lieux Actuel','2016-10-02'),(29,'HFC à Grenoble : Évaluation des Données','2016-10-06'),(30,'Analyse des Émissions de SF6 à Grenoble : Impact Environnemental','2016-10-10'),(31,'Rapport sur les Émissions de CO2 non biologique à Clermont-Ferrand : Vue d\'Ensemble','2016-10-14'),(32,'N2O à Clermont-Ferrand : Étude Approfondie et Solutions','2016-10-18'),(33,'Émissions de CO à Clermont-Ferrand : Analyse et Stratégies d\'Amélioration','2016-10-22'),(34,'Rapport sur les Émissions de H2S à Saint-Étienne : Impact Environnemental et Solutions','2016-10-26'),(35,'Rapport sur les Émissions de N2O5 à Saint-Étienne : Évaluation et Recommandations','2016-10-30'),(36,'Analyse des Émissions de HCHO à Saint-Étienne : Enjeux et Actions pour la Qualité de l\'Air','2016-08-01'),(37,'Évaluation des Émissions de CO2 Organique à Toulouse : Tendances et Impacts','2016-08-05'),(38,'NH3 à Toulouse : Rapport Environnemental','2016-08-09'),(39,'Étude sur les Émissions de CH4 à Toulouse : Analyse Globale','2016-08-13'),(40,'PFC à Montpellier : Situation Actuelle','2016-08-17'),(41,'HFC à Montpellier : Analyse des Données','2016-08-21'),(42,'Impact Environnemental des Émissions de SF6 à Montpellier : Analyse','2016-08-25'),(43,'État des Émissions de CO2 Non Biologique à Nîmes : Vue d\'Ensemble','2016-08-29'),(44,'N2O à Nîmes : Analyse et Solutions','2016-09-02'),(45,'Émissions de CO à Nîmes : Stratégies d\'Amélioration','2016-09-06'),(46,'Impact et Solutions des Émissions de H2S à Perpignan','2016-09-10'),(47,'Évaluation et Recommandations concernant les Émissions de N2O5 à Perpignan','2016-09-14'),(48,'Enjeux et Actions pour la Qualité de l\'Air : Analyse des Émissions de HCHO à Perpignan','2016-09-18'),(49,'Exploration Approfondie des Sources et Impacts du CO2 Organique à Bordeaux','2016-09-22'),(50,'Évaluation Complète des Dangers Environnementaux du NH3 à Bordeaux','2016-09-26'),(51,'Analyse Exhaustive des Émissions de CH4 et de leurs Conséquences à Bordeaux','2016-09-30'),(52,'Étude Détaillée de la Situation des PFC à La Rochelle et des Risques Associés','2016-10-04'),(53,'Examen Approfondi des Données sur les HFC à La Rochelle et leur Impact','2016-10-08'),(54,'Évaluation Rigoureuse de l\'Impact Environnemental des Émissions de SF6 à La Rochelle','2016-10-12'),(55,'Panorama Complet des Émissions de CO2 Non Biologique à Limoges','2016-10-16'),(56,'Analyse et Solutions Innovantes pour Réduire les Émissions de N2O à Limoges','2016-10-20'),(57,'Stratégies Efficaces d\'Amélioration pour Diminuer les Émissions de CO à Limoges','2016-10-24'),(58,'Évaluation Approfondie des Émissions de H2S et des Solutions Potentielles à Pau','2016-10-28'),(59,'Recommandations Précises pour Gérer les Émissions de N2O5 à Pau','2016-10-01'),(60,'Analyse Détaillée des Émissions de HCHO et de leur Impact sur la Qualité de l\'Air à Pau','2016-10-31'),(61,'Émissions de CO2 organique à Paris : Comprendre les tendances et les impacts','2017-08-17'),(62,'NH3 à Paris : Une évaluation approfondie de son impact environnemental','2017-09-10'),(63,'Rapport sur les émissions de CH4 à Paris : Analyse globale et bilan','2017-10-31'),(64,'État des lieux des émissions de PFC à Versailles','2017-08-28'),(65,'Évaluation des données sur les émissions de HFC à Versailles','2017-08-02'),(66,'Analyse des émissions de SF6 à Versailles : Focus sur l\'impact environnemental','2017-08-21'),(67,'Rapport complet sur les émissions de CO2 non biologique à Boulogne-Billancourt','2017-10-09'),(68,'N2O à Boulogne-Billancourt : Étude approfondie et solutions pour la réduction des émissions','2017-10-26'),(69,'Émissions de CO à Boulogne-Billancourt : Analyse et stratégies d\'amélioration','2017-09-08'),(70,'Rapport sur les émissions de H2S à Saint-Denis : Impact environnemental et solutions','2017-08-05'),(71,'Évaluation des émissions de N2O5 à Saint-Denis : Analyse et recommandations','2017-09-18'),(72,'Analyse des émissions de HCHO à Saint-Denis : Enjeux et actions pour une meilleure qualité de l\'air','2017-10-12'),(73,'Évaluation des émissions de CO2 biologiques à Marseille : Tendances et perspectives','2017-08-19'),(74,'NH3 à Marseille : Une évaluation complète de son impact environnemental','2017-09-22'),(75,'Rapport sur les émissions de CH4 à Marseille : Vue d\'ensemble et impacts','2017-10-27'),(76,'État des lieux : Émissions de PFC à Nice','2017-08-25'),(77,'Évaluation des données : Émissions de HFC à Nice','2017-10-24'),(78,'Analyse des émissions de SF6 à Nice : Focus sur l\'impact environnemental','2017-08-30'),(79,'Rapport sur les émissions de CO2 non biologique à Toulon : Vue d\'ensemble','2017-10-14'),(80,'N2O à Toulon : Étude approfondie et solutions pour la réduction des émissions','2017-10-01'),(81,'Émissions de CO à Toulon : Analyse et stratégies d\'amélioration','2017-10-06'),(82,'Rapport sur les émissions de H2S à Avignon : Impact environnemental et solutions','2017-10-03'),(83,'Évaluation des émissions de N2O5 à Avignon : Analyse et recommandations','2017-10-07'),(84,'Analyse des émissions de HCHO à Avignon : Enjeux et actions pour une meilleure qualité de l\'air','2017-09-20'),(85,'Évaluation des émissions de CO2 biologiques à Lyon : Tendances et impacts','2017-10-15'),(86,'NH3 à Lyon : Une évaluation complète de son impact environnemental','2017-08-11'),(87,'Rapport sur les émissions de CH4 à Lyon : Analyse globale','2017-10-11'),(88,'PFC à Grenoble : État des lieux actuel','2017-08-13'),(89,'HFC à Grenoble : Évaluation des données','2017-08-29'),(90,'Analyse des émissions de SF6 à Grenoble : Focus sur l\'impact environnemental','2017-09-07'),(91,'Rapport sur les émissions de CO2 non biologique à Clermont-Ferrand : Vue d\'ensemble','2017-09-04'),(92,'N2O à Clermont-Ferrand : Étude approfondie et solutions pour la réduction des émissions','2017-08-23'),(93,'Émissions de CO à Clermont-Ferrand : Analyse et stratégies d\'amélioration','2017-09-03'),(94,'Rapport sur les émissions de H2S à Saint-Étienne : Impact environnemental et solutions','2017-09-01'),(95,'Évaluation des émissions de N2O5 à Saint-Étienne : Analyse et recommandations','2017-10-16'),(96,'Analyse des émissions de HCHO à Saint-Étienne : Enjeux et actions pour une meilleure qualité de l\'air','2017-10-02'),(97,'Évaluation des émissions de CO2 organiques à Toulouse : Tendances et impacts','2017-09-06'),(98,'NH3 à Toulouse : Une évaluation complète de son impact environnemental','2017-09-15'),(99,'Rapport sur les émissions de CH4 à Toulouse : Analyse globale','2017-10-13'),(100,'PFC à Montpellier : État des lieux actuel','2017-09-16'),(101,'HFC à Montpellier : Analyse des données','2017-09-24'),(102,'Analyse des émissions de SF6 à Montpellier : Focus sur l\'impact environnemental','2017-08-20'),(103,'Rapport sur les émissions de CO2 non biologique à Nîmes : Vue d\'ensemble','2017-09-23'),(104,'N2O à Nîmes : Analyse et solutions pour la réduction des émissions','2017-08-10'),(105,'Émissions de CO à Nîmes : Stratégies d\'amélioration','2017-08-27'),(106,'Rapport sur les émissions de H2S à Perpignan : Impact environnemental et solutions','2017-09-05'),(107,'Évaluation des émissions de N2O5 à Perpignan : Analyse et recommandations','2017-09-14'),(108,'Analyse des émissions de HCHO à Perpignan : Enjeux et actions pour une meilleure qualité de l\'air','2017-10-22'),(109,'Exploration approfondie des sources et impacts du CO2 organique à Bordeaux','2017-10-17'),(110,'Évaluation complète des dangers environnementaux du NH3 à Bordeaux','2017-09-12'),(111,'Analyse exhaustive des émissions de CH4 et de leurs conséquences à Bordeaux','2017-08-09'),(112,'Étude détaillée de la situation des PFC à La Rochelle et des risques associés','2017-10-18'),(113,'Examen approfondi des données sur les HFC à La Rochelle et leur impact','2017-09-28'),(114,'Évaluation rigoureuse de l\'impact environnemental des émissions de SF6 à La Rochelle','2017-10-19'),(115,'Panorama complet des émissions de CO2 non biologique à Limoges','2017-10-04'),(116,'Analyse et solutions innovantes pour réduire les émissions de N2O à Limoges','2017-10-08'),(117,'Stratégies efficaces d\'amélioration pour diminuer les émissions de CO à Limoges','2017-10-21'),(118,'Évaluation approfondie des émissions de H2S et des solutions potentielles à Pau','2017-09-26'),(119,'Recommandations précises pour gérer les émissions de N2O5 à Pau','2017-09-02'),(120,'Analyse détaillée des émissions de HCHO et de leur impact sur la qualité de l\'air à Pau','2017-08-31'),(121,'Émissions de CO2 organique à Paris : Comprendre les tendances et les impacts','2018-08-08'),(122,'NH3 à Paris : Une évaluation approfondie de son impact environnemental','2018-09-27'),(123,'Rapport sur les émissions de CH4 à Paris : Analyse globale et bilan','2018-08-17'),(124,'État des lieux des émissions de PFC à Versailles','2018-09-12'),(125,'Évaluation des données sur les émissions de HFC à Versailles','2018-08-24'),(126,'Analyse des émissions de SF6 à Versailles : Focus sur l\'impact environnemental','2018-09-03'),(127,'Rapport complet sur les émissions de CO2 non biologique à Boulogne-Billancourt','2018-10-14'),(128,'N2O à Boulogne-Billancourt : Étude approfondie et solutions pour la réduction des émissions','2018-08-29'),(129,'Émissions de CO à Boulogne-Billancourt : Analyse et stratégies d\'amélioration','2018-10-07'),(130,'Rapport sur les émissions de H2S à Saint-Denis : Impact environnemental et solutions','2018-09-05'),(131,'Évaluation des émissions de N2O5 à Saint-Denis : Analyse et recommandations','2018-08-19'),(132,'Analyse des émissions de HCHO à Saint-Denis : Enjeux et actions pour une meilleure qualité de l\'air','2018-10-10'),(133,'Évaluation des émissions de CO2 biologiques à Marseille : Tendances et perspectives','2018-10-27'),(134,'NH3 à Marseille : Une évaluation complète de son impact environnemental','2018-08-25'),(135,'Rapport sur les émissions de CH4 à Marseille : Vue d\'ensemble et impacts','2018-09-16'),(136,'État des lieux : Émissions de PFC à Nice','2018-09-01'),(137,'Évaluation des données : Émissions de HFC à Nice','2018-08-15'),(138,'Analyse des émissions de SF6 à Nice : Focus sur l\'impact environnemental','2018-09-22'),(139,'Rapport sur les émissions de CO2 non biologique à Toulon : Vue d\'ensemble','2018-08-09'),(140,'N2O à Toulon : Étude approfondie et solutions pour la réduction des émissions','2018-10-02'),(141,'Émissions de CO à Toulon : Analyse et stratégies d\'amélioration','2018-09-20'),(142,'Rapport sur les émissions de H2S à Avignon : Impact environnemental et solutions','2018-08-26'),(143,'Évaluation des émissions de N2O5 à Avignon : Analyse et recommandations','2018-10-06'),(144,'Analyse des émissions de HCHO à Avignon : Enjeux et actions pour une meilleure qualité de l\'air','2018-08-21'),(145,'Évaluation des émissions de CO2 biologiques à Lyon : Tendances et impacts','2018-10-13'),(146,'NH3 à Lyon : Une évaluation complète de son impact environnemental','2018-08-31'),(147,'Rapport sur les émissions de CH4 à Lyon : Analyse globale','2018-09-04'),(148,'PFC à Grenoble : État des lieux actuel','2018-08-23'),(149,'HFC à Grenoble : Évaluation des données','2018-09-11'),(150,'Analyse des émissions de SF6 à Grenoble : Focus sur l\'impact environnemental','2018-09-30'),(151,'Rapport sur les émissions de CO2 non biologique à Clermont-Ferrand : Vue d\'ensemble','2018-10-18'),(152,'N2O à Clermont-Ferrand : Étude approfondie et solutions pour la réduction des émissions','2018-08-28'),(153,'Émissions de CO à Clermont-Ferrand : Analyse et stratégies d\'amélioration','2018-09-06'),(154,'Rapport sur les émissions de H2S à Saint-Étienne : Impact environnemental et solutions','2018-09-25'),(155,'Évaluation des émissions de N2O5 à Saint-Étienne : Analyse et recommandations','2018-10-05'),(156,'Analyse des émissions de HCHO à Saint-Étienne : Enjeux et actions pour une meilleure qualité de l\'air','2018-10-08'),(157,'Évaluation des émissions de CO2 organiques à Toulouse : Tendances et impacts','2018-10-01'),(158,'NH3 à Toulouse : Une évaluation complète de son impact environnemental','2018-08-16'),(159,'Rapport sur les émissions de CH4 à Toulouse : Analyse globale','2018-09-19'),(160,'PFC à Montpellier : État des lieux actuel','2018-09-24'),(161,'HFC à Montpellier : Analyse des données','2018-08-30'),(162,'Analyse des émissions de SF6 à Montpellier : Focus sur l\'impact environnemental','2018-10-11'),(163,'Rapport sur les émissions de CO2 non biologique à Nîmes : Vue d\'ensemble','2018-10-20'),(164,'N2O à Nîmes : Analyse et solutions pour la réduction des émissions','2018-09-14'),(165,'Émissions de CO à Nîmes : Stratégies d\'amélioration','2018-10-03'),(166,'Rapport sur les émissions de H2S à Perpignan : Impact environnemental et solutions','2018-09-07'),(167,'Évaluation des émissions de N2O5 à Perpignan : Analyse et recommandations','2018-08-22'),(168,'Analyse des émissions de HCHO à Perpignan : Enjeux et actions pour une meilleure qualité de l\'air','2018-09-28'),(169,'Exploration approfondie des sources et impacts du CO2 organique à Bordeaux','2018-09-17'),(170,'Évaluation complète des dangers environnementaux du NH3 à Bordeaux','2018-10-09'),(171,'Analyse exhaustive des émissions de CH4 et de leurs conséquences à Bordeaux','2018-08-12'),(172,'Étude détaillée de la situation des PFC à La Rochelle et des risques associés','2018-09-10'),(173,'Examen approfondi des données sur les HFC à La Rochelle et leur impact','2018-09-15'),(174,'Évaluation rigoureuse de l\'impact environnemental des émissions de SF6 à La Rochelle','2018-09-02'),(175,'Panorama complet des émissions de CO2 non biologique à Limoges','2018-10-04'),(176,'Analyse et solutions innovantes pour réduire les émissions de N2O à Limoges','2018-09-21'),(177,'Stratégies efficaces d\'amélioration pour diminuer les émissions de CO à Limoges','2018-09-18'),(178,'Évaluation approfondie des émissions de H2S et des solutions potentielles à Pau','2018-09-26'),(179,'Recommandations précises pour gérer les émissions de N2O5 à Pau','2018-10-23'),(180,'Analyse détaillée des émissions de HCHO et de leur impact sur la qualité de l\'air à Pau','2018-08-13'),(181,'Émissions de CO2 organique à Paris : Analyse approfondie des tendances et des impacts','2019-09-14'),(182,'Ammoniac (NH3) à Paris : Évaluation exhaustive de l\'impact environnemental','2019-09-25'),(183,'Émissions de méthane (CH4) à Paris : Analyse globale et bilan','2019-10-06'),(184,'État des lieux des perfluorocarbures (PFC) à Versailles','2019-10-20'),(185,'Évaluation des données sur les hydrofluorocarbures (HFC) à Versailles','2019-10-11'),(186,'Analyse des émissions de l\'hexafluorure de soufre (SF6) à Versailles : Focus sur l\'impact environnemental','2019-08-19'),(187,'Rapport complet sur les émissions de CO2 non biogénique à Boulogne-Billancourt','2019-09-29'),(188,'Oxyde nitreux (N2O) à Boulogne-Billancourt : Étude approfondie et solutions pour la réduction des émissions','2019-10-23'),(189,'Émissions de monoxyde de carbone (CO) à Boulogne-Billancourt : Analyse et stratégies d\'amélioration','2019-09-08'),(190,'Rapport sur les émissions de sulfure d\'hydrogène (H2S) à Saint-Denis : Impact environnemental et solutions','2019-09-03'),(191,'Évaluation des émissions de pentoxyde d\'azote (N2O5) à Saint-Denis : Analyse et recommandations','2019-09-13'),(192,'Analyse des émissions de formaldéhyde (HCHO) à Saint-Denis : Enjeux et actions pour une meilleure qualité de l\'air','2019-10-22'),(193,'Évaluation des émissions de CO2 biogénique à Marseille : Tendances et perspectives','2019-09-02'),(194,'Ammoniac (NH3) à Marseille : Évaluation complète de son impact environnemental','2019-08-24'),(195,'Rapport sur les émissions de méthane (CH4) à Marseille : Vue d\'ensemble et impacts','2019-08-17'),(196,'État des lieux des perfluorocarbures (PFC) à Nice','2019-08-31'),(197,'Évaluation des données sur les hydrofluorocarbures (HFC) à Nice','2019-09-15'),(198,'Analyse des émissions de l\'hexafluorure de soufre (SF6) à Nice : Focus sur l\'impact environnemental','2019-10-27'),(199,'Rapport sur les émissions de CO2 non biogénique à Toulon : Vue d\'ensemble','2019-09-10'),(200,'Oxyde nitreux (N2O) à Toulon : Étude approfondie et solutions pour la réduction des émissions','2019-08-21'),(201,'Émissions de monoxyde de carbone (CO) à Toulon : Analyse et stratégies d\'amélioration','2019-09-09'),(202,'Rapport sur les émissions de sulfure d\'hydrogène (H2S) à Avignon : Impact environnemental et solutions','2019-10-05'),(203,'Évaluation des émissions de pentoxyde d\'azote (N2O5) à Avignon : Analyse et recommandations','2019-10-07'),(204,'Analyse des émissions de formaldéhyde (HCHO) à Avignon : Enjeux et actions pour une meilleure qualité de l\'air','2019-09-04'),(205,'Évaluation des émissions de CO2 biogénique à Lyon : Tendances et impacts','2019-10-26'),(206,'Ammoniac (NH3) à Lyon : Évaluation complète de son impact environnemental','2019-08-28'),(207,'Rapport sur les émissions de méthane (CH4) à Lyon : Analyse globale','2019-09-01'),(208,'Perfluorocarbures (PFC) à Grenoble : État des lieux actuel','2019-08-30'),(209,'Hydrofluorocarbures (HFC) à Grenoble : Évaluation des données','2019-09-16'),(210,'Analyse des émissions de l\'hexafluorure de soufre (SF6) à Grenoble : Focus sur l\'impact environnemental','2019-10-14'),(211,'Rapport sur les émissions de CO2 non biogénique à Clermont-Ferrand : Vue d\'ensemble','2019-09-22'),(212,'Oxyde nitreux (N2O) à Clermont-Ferrand : Étude approfondie et solutions pour la réduction des émissions','2019-10-25'),(213,'Émissions de monoxyde de carbone (CO) à Clermont-Ferrand : Analyse et stratégies d\'amélioration','2019-10-08'),(214,'Rapport sur les émissions de sulfure d\'hydrogène (H2S) à Saint-Étienne : Impact environnemental et solutions','2019-08-12'),(215,'Évaluation des émissions de pentoxyde d\'azote (N2O5) à Saint-Étienne : Analyse et recommandations','2019-09-05'),(216,'Analyse des émissions de formaldéhyde (HCHO) à Saint-Étienne : Enjeux et actions pour une meilleure qualité de l\'air','2019-10-19'),(217,'Évaluation des émissions de CO2 biogénique à Toulouse : Tendances et impacts','2019-08-26'),(218,'Ammoniac (NH3) à Toulouse : Évaluation complète de son impact environnemental','2019-09-24'),(219,'Rapport sur les émissions de méthane (CH4) à Toulouse : Analyse globale','2019-08-23'),(220,'Perfluorocarbures (PFC) à Montpellier : État des lieux actuel','2019-10-02'),(221,'Hydrofluorocarbures (HFC) à Montpellier : Analyse des données','2019-10-15'),(222,'Analyse des émissions de l\'hexafluorure de soufre (SF6) à Montpellier : Focus sur l\'impact environnemental','2019-08-18'),(223,'Rapport sur les émissions de CO2 non biogénique à Nîmes : Vue d\'ensemble','2019-10-16'),(224,'Oxyde nitreux (N2O) à Nîmes : Analyse et solutions pour la réduction des émissions','2019-09-12'),(225,'Émissions de monoxyde de carbone (CO) à Nîmes : Stratégies d\'amélioration','2019-08-27'),(226,'Rapport sur les émissions de sulfure d\'hydrogène (H2S) à Perpignan : Impact environnemental et solutions','2019-09-30'),(227,'Évaluation des émissions de pentoxyde d\'azote (N2O5) à Perpignan : Analyse et recommandations','2019-08-13'),(228,'Analyse des émissions de formaldéhyde (HCHO) à Perpignan : Enjeux et actions pour une meilleure qualité de l\'air','2019-09-18'),(229,'Exploration approfondie des sources et impacts du CO2 biogénique à Bordeaux','2019-09-20'),(230,'Évaluation complète des dangers environnementaux de l\'ammoniac (NH3) à Bordeaux','2019-10-03'),(231,'Analyse exhaustive des émissions de méthane (CH4) et de leurs conséquences à Bordeaux','2019-09-11'),(232,'Étude détaillée de la situation des perfluorocarbures (PFC) à La Rochelle et des risques associés','2019-10-01'),(233,'Examen approfondi des données sur les hydrofluorocarbures (HFC) à La Rochelle et leur impact','2019-09-17'),(234,'Évaluation rigoureuse de l\'impact environnemental des émissions de l\'hexafluorure de soufre (SF6) à La Rochelle','2019-09-28'),(235,'Panorama complet des émissions de CO2 non biogénique à Limoges','2019-10-21'),(236,'Analyse et solutions innovantes pour réduire les émissions d\'oxyde nitreux (N2O) à Limoges','2019-10-04'),(237,'Stratégies efficaces d\'amélioration pour diminuer les émissions de monoxyde de carbone (CO) à Limoges','2019-09-07'),(238,'Évaluation approfondie des émissions de sulfure d\'hydrogène (H2S) et des solutions potentielles à Pau','2019-09-06'),(239,'Recommandations précises pour gérer les émissions de pentoxyde d\'azote (N2O5) à Pau','2019-10-10'),(240,'Analyse détaillée des émissions de formaldéhyde (HCHO) et de leur impact sur la qualité de l\'air à Pau','2019-10-09'),(241,'Analyse approfondie des tendances et des impacts des émissions de CO2 organique à Paris','2020-08-12'),(242,'Évaluation exhaustive de l\'impact environnemental de l\'ammoniac (NH3) à Paris','2020-08-27'),(243,'Analyse globale et bilan des émissions de méthane (CH4) à Paris','2020-10-06'),(244,'État des lieux des perfluorocarbures (PFC) à Versailles','2020-08-19'),(245,'Évaluation détaillée des données sur les hydrofluorocarbures (HFC) à Versailles','2020-09-04'),(246,'Analyse des émissions de l\'hexafluorure de soufre (SF6) à Versailles : Focus sur l\'impact environnemental','2020-09-22'),(247,'Panorama complet des émissions de CO2 non biogénique à Boulogne-Billancourt','2020-10-10'),(248,'Étude approfondie et solutions pour la réduction des émissions d\'oxyde nitreux (N2O) à Boulogne-Billancourt','2020-09-26'),(249,'Analyse et stratégies d\'amélioration des émissions de monoxyde de carbone (CO) à Boulogne-Billancourt','2020-09-01'),(250,'Impact environnemental et solutions concernant les émissions de sulfure d\'hydrogène (H2S) à Saint-Denis','2020-08-31'),(251,'Évaluation des émissions de pentoxyde d\'azote (N2O5) à Saint-Denis : Analyse et recommandations','2020-08-18'),(252,'Enjeux et actions pour une meilleure qualité de l\'air : Analyse des émissions de formaldéhyde (HCHO) à Saint-Denis','2020-10-25'),(253,'Tendances et perspectives des émissions de CO2 biogénique à Marseille','2020-09-17'),(254,'Évaluation complète de l\'impact environnemental de l\'ammoniac (NH3) à Marseille','2020-10-07'),(255,'Vue d\'ensemble et analyse des impacts des émissions de méthane (CH4) à Marseille','2020-09-13'),(256,'Établissement de l\'état des lieux des perfluorocarbures (PFC) à Nice','2020-09-23'),(257,'Évaluation des données sur les hydrofluorocarbures (HFC) à Nice','2020-10-16'),(258,'Analyse des émissions de l\'hexafluorure de soufre (SF6) à Nice : Focus sur l\'impact environnemental','2020-08-30'),(259,'Vue d\'ensemble des émissions de CO2 non biogénique à Toulon','2020-09-24'),(260,'Étude approfondie et solutions pour la réduction des émissions d\'oxyde nitreux (N2O) à Toulon','2020-09-09'),(261,'Analyse et stratégies d\'amélioration des émissions de monoxyde de carbone (CO) à Toulon','2020-10-15'),(262,'Impact environnemental et solutions concernant les émissions de sulfure d\'hydrogène (H2S) à Avignon','2020-09-05'),(263,'Évaluation des émissions de pentoxyde d\'azote (N2O5) à Avignon : Analyse et recommandations','2020-09-14'),(264,'Enjeux et actions pour une meilleure qualité de l\'air : Analyse des émissions de formaldéhyde (HCHO) à Avignon','2020-09-29'),(265,'Tendances et impacts des émissions de CO2 biogénique à Lyon','2020-10-03'),(266,'Évaluation complète de l\'impact environnemental de l\'ammoniac (NH3) à Lyon','2020-08-11'),(267,'Analyse globale des émissions de méthane (CH4) à Lyon','2020-09-02'),(268,'Établissement de l\'état des lieux des perfluorocarbures (PFC) à Grenoble','2020-09-08'),(269,'Évaluation des données sur les hydrofluorocarbures (HFC) à Grenoble','2020-08-28'),(270,'Analyse des émissions de l\'hexafluorure de soufre (SF6) à Grenoble : Focus sur l\'impact environnemental','2020-10-20'),(271,'Vue d\'ensemble des émissions de CO2 non biogénique à Clermont-Ferrand','2020-08-21'),(272,'Étude approfondie et solutions pour la réduction des émissions d\'oxyde nitreux (N2O) à Clermont-Ferrand','2020-10-02'),(273,'Analyse et stratégies d\'amélioration des émissions de monoxyde de carbone (CO) à Clermont-Ferrand','2020-10-05'),(274,'Impact environnemental et solutions concernant les émissions de sulfure d\'hydrogène (H2S) à Saint-Étienne','2020-09-03'),(275,'Évaluation des émissions de pentoxyde d\'azote (N2O5) à Saint-Étienne : Analyse et recommandations','2020-10-01'),(276,'Enjeux et actions pour une meilleure qualité de l\'air : Analyse des émissions de formaldéhyde (HCHO) à Saint-Étienne','2020-09-10'),(277,'Tendances et impacts des émissions de CO2 biogénique à Toulouse','2020-09-16'),(278,'Évaluation complète de l\'impact environnemental de l\'ammoniac (NH3) à Toulouse','2020-10-08'),(279,'Analyse globale des émissions de méthane (CH4) à Toulouse','2020-08-24'),(280,'Établissement de l\'état des lieux des perfluorocarbures (PFC) à Montpellier','2020-09-25'),(281,'Analyse des données sur les hydrofluorocarbures (HFC) à Montpellier','2020-09-15'),(282,'Analyse des émissions de l\'hexafluorure de soufre (SF6) à Montpellier : Focus sur l\'impact environnemental','2020-10-27'),(283,'Vue d\'ensemble des émissions de CO2 non biogénique à Nîmes','2020-10-23'),(284,'Analyse et solutions pour la réduction des émissions d\'oxyde nitreux (N2O) à Nîmes','2020-09-12'),(285,'Stratégies d\'amélioration des émissions de monoxyde de carbone (CO) à Nîmes','2020-09-06'),(286,'Impact environnemental et solutions concernant les émissions de sulfure d\'hydrogène (H2S) à Perpignan','2020-10-18'),(287,'Évaluation des émissions de pentoxyde d\'azote (N2O5) à Perpignan : Analyse et recommandations','2020-10-04'),(288,'Enjeux et actions pour une meilleure qualité de l\'air : Analyse des émissions de formaldéhyde (HCHO) à Perpignan','2020-09-19'),(289,'Exploration approfondie des sources et des impacts du CO2 biogénique à Bordeaux','2020-10-22'),(290,'Évaluation complète des dangers environnementaux de l\'ammoniac (NH3) à Bordeaux','2020-10-17'),(291,'Analyse exhaustive des émissions de méthane (CH4) et de leurs conséquences à Bordeaux','2020-09-11'),(292,'Étude détaillée de la situation des perfluorocarbures (PFC) à La Rochelle et des risques associés','2020-08-13'),(293,'Examen approfondi des données sur les hydrofluorocarbures (HFC) à La Rochelle et de leur impact','2020-10-14'),(294,'Évaluation rigoureuse de l\'impact environnemental des émissions de l\'hexafluorure de soufre (SF6) à La Rochelle','2020-09-20'),(295,'Panorama complet des émissions de CO2 non biogénique à Limoges','2020-08-29'),(296,'Analyse et solutions innovantes pour réduire les émissions d\'oxyde nitreux (N2O) à Limoges','2020-09-07'),(297,'Stratégies efficaces d\'amélioration pour diminuer les émissions de monoxyde de carbone (CO) à Limoges','2020-09-30'),(298,'Évaluation approfondie des émissions de sulfure d\'hydrogène (H2S) et des solutions potentielles à Pau','2020-10-26'),(299,'Recommandations précises pour gérer les émissions de pentoxyde d\'azote (N2O5) à Pau','2020-09-21'),(300,'Analyse détaillée des émissions de formaldéhyde (HCHO) et de leur impact sur la qualité de l\'air à Pau','2020-09-28'),(301,'Focus sur les émissions organiques de CO2 à Paris','2021-10-16'),(302,'Cartographie de l\'impact de l\'ammoniac (NH3) à Paris','2021-08-29'),(303,'Panorama des émissions de méthane (CH4) à Paris','2021-09-22'),(304,'Radiographie des perfluorocarbures (PFC) à Versailles','2021-10-12'),(305,'Audit approfondi des hydrofluorocarbures (HFC) à Versailles','2021-09-02'),(306,'Évaluation de l\'empreinte environnementale du SF6 à Versailles','2021-09-25'),(307,'Photographie détaillée du CO2 non biogénique à Boulogne-Billancourt','2021-09-13'),(308,'Enquête sur les solutions de réduction des N2O à Boulogne-Billancourt','2021-09-19'),(309,'Examen des stratégies pour le CO à Boulogne-Billancourt','2021-09-06'),(310,'Répercussions du H2S et pistes d\'actions à Saint-Denis','2021-10-23'),(311,'Diagnostic des données sur les N2O5 à Saint-Denis','2021-08-31'),(312,'Enjeux de la qualité de l\'air face aux HCHO à Saint-Denis','2021-10-20'),(313,'Tendances et perspectives du CO2 biogénique à Marseille','2021-09-07'),(314,'Évaluation globale de l\'impact de NH3 à Marseille','2021-09-08'),(315,'Analyse des enjeux des émissions de CH4 à Marseille','2021-10-05'),(316,'Instantané de la situation des PFC à Nice','2021-09-17'),(317,'Inspection des données sur les HFC à Nice','2021-10-28'),(318,'Regard sur l\'empreinte du SF6 à Nice','2021-08-24'),(319,'Panorama du CO2 non biogénique à Toulon','2021-10-15'),(320,'Enquête et solutions pour les N2O à Toulon','2021-09-03'),(321,'Analyse des stratégies pour le CO à Toulon','2021-10-14'),(322,'Répercussions du H2S et pistes d\'actions à Avignon','2021-09-11'),(323,'Diagnostic des données sur les N2O5 à Avignon','2021-10-21'),(324,'Enjeux de la qualité de l\'air face aux HCHO à Avignon','2021-09-27'),(325,'Évolution du CO2 biogénique et impacts à Lyon','2021-09-18'),(326,'Évaluation de l\'empreinte de NH3 à Lyon','2021-09-01'),(327,'Photographie des émissions de CH4 à Lyon','2021-10-09'),(328,'État des lieux des PFC à Grenoble','2021-09-26'),(329,'Examen approfondi des données sur les HFC à Grenoble','2021-09-04'),(330,'Regard sur l\'impact environnemental du SF6 à Grenoble','2021-08-30'),(331,'Panorama du CO2 non biogénique à Clermont-Ferrand','2021-10-10'),(332,'Enquête et solutions pour les N2O à Clermont-Ferrand','2021-09-24'),(333,'Analyse des stratégies pour le CO à Clermont-Ferrand','2021-10-22'),(334,'Répercussions du H2S et pistes d\'actions à Saint-Étienne','2021-09-23'),(335,'Diagnostic des données sur les N2O5 à Saint-Étienne','2021-08-27'),(336,'Enjeux de la qualité de l\'air face aux HCHO à Saint-Étienne','2021-09-15'),(337,'Évolution et impacts du CO2 biogénique à Toulouse','2021-10-02'),(338,'Évaluation de l\'empreinte de NH3 à Toulouse','2021-09-28'),(339,'Photographie des émissions de CH4 à Toulouse','2021-10-25'),(340,'État des lieux des PFC à Montpellier','2021-10-18'),(341,'Inspection des données sur les HFC à Montpellier','2021-09-12'),(342,'Regard sur l\'impact environnemental du SF6 à Montpellier','2021-10-08'),(343,'Panorama du CO2 non biogénique à Nîmes','2021-10-03'),(344,'Analyse et solutions pour la réduction des N2O à Nîmes','2021-09-05'),(345,'Stratégies d\'amélioration pour le CO à Nîmes','2021-10-06'),(346,'Répercussions du H2S et pistes d\'actions à Perpignan','2021-10-19'),(347,'Diagnostic des données sur les N2O5 à Perpignan','2021-10-07'),(348,'Enjeux de la qualité de l\'air face aux HCHO à Perpignan','2021-10-13'),(349,'Exploration des sources et impacts du CO2 biogénique à Bordeaux','2021-09-16'),(350,'Évaluation globale des dangers liés à NH3 à Bordeaux','2021-09-30'),(351,'Analyse approfondie des émissions de CH4 à Bordeaux','2021-09-20'),(352,'Étude détaillée de la situation des PFC à La Rochelle','2021-10-11'),(353,'Examen des données sur les HFC et leur impact à La Rochelle','2021-10-26'),(354,'Évaluation de l\'empreinte environnementale du SF6 à La Rochelle','2021-08-17'),(355,'Panorama du CO2 non biogénique à Limoges','2021-09-09'),(356,'Analyse et solutions innovantes pour les N2O à Limoges','2021-10-29'),(357,'Stratégies pour la réduction du CO à Limoges','2021-09-21'),(358,'Évaluation approfondie du H2S et des solutions à Pau','2021-08-16'),(359,'Recommandations pour la gestion des N2O5 à Pau','2021-09-14'),(360,'Analyse détaillée des HCHO et de leur impact à Pau','2021-10-01'),(361,'Cartographie de l\'urbanisation et son impact sur les émissions de CO2 organique à Paris','2022-10-04'),(362,'Diagnostic de la qualité de l\'air et des mesures de réduction de NH3 à Paris','2022-08-23'),(363,'Analyse des tendances de la mobilité urbaine et des émissions de CH4 à Paris','2022-10-18'),(364,'Étude de l\'évolution des pratiques industrielles et des PFC à Versailles','2022-08-07'),(365,'Inspection des données sur l\'efficacité énergétique des bâtiments et les HFC à Versailles','2022-08-29'),(366,'Évaluation de l\'empreinte carbone des réseaux de transport et du SF6 à Versailles','2022-10-14'),(367,'Photographie des initiatives durables et leur effet sur le CO2 non biogénique à Boulogne-Billancourt','2022-09-06'),(368,'Enquête sur les programmes de sensibilisation et les solutions pour réduire les N2O à Boulogne-Billancourt','2022-08-27'),(369,'Examen des politiques de gestion des déchets et leurs impacts sur les émissions de CO à Boulogne-Billancourt','2022-09-05'),(370,'Répercussions de l\'agriculture urbaine et pistes d\'actions sur le H2S à Saint-Denis','2022-09-03'),(371,'Diagnostic des systèmes de traitement des eaux usées et des données sur les N2O5 à Saint-Denis','2022-10-17'),(372,'Enjeux de la transition écologique et de la réduction des HCHO à Saint-Denis','2022-08-22'),(373,'Tendances de l\'aménagement du territoire et impacts sur le CO2 biogénique à Marseille','2022-10-09'),(374,'Évaluation globale des programmes de reforestation et de l\'empreinte de NH3 à Marseille','2022-09-10'),(375,'Analyse des innovations dans les transports en commun et les enjeux des émissions de CH4 à Marseille','2022-08-05'),(376,'Instantané des initiatives de l\'économie circulaire et de la situation des PFC à Nice','2022-09-13'),(377,'Inspection des projets d\'efficacité énergétique des bâtiments et des données sur les HFC à Nice','2022-08-14'),(378,'Regard sur l\'impact des énergies renouvelables et du SF6 à Nice','2022-08-09'),(379,'Panorama des politiques de végétalisation urbaine et leur effet sur le CO2 non biogénique à Toulon','2022-08-24'),(380,'Enquête et solutions innovantes pour réduire les N2O dans les procédés industriels à Toulon','2022-08-31'),(381,'Analyse des programmes de mobilité durable et leurs impacts sur les émissions de CO à Toulon','2022-09-02'),(382,'Répercussions de l\'agriculture urbaine et pistes d\'actions sur le H2S à Avignon','2022-08-30'),(383,'Diagnostic des systèmes de traitement des déchets et des données sur les N2O5 à Avignon','2022-09-30'),(384,'Enjeux de la transition écologique et de la réduction des HCHO à Avignon','2022-10-20'),(385,'Évolution des pratiques de construction durable et impacts sur le CO2 biogénique à Lyon','2022-08-25'),(386,'Évaluation de l\'empreinte environnementale des projets de rénovation et de NH3 à Lyon','2022-08-26'),(387,'Photographie des initiatives de mobilité électrique et des émissions de CH4 à Lyon','2022-09-16'),(388,'État des lieux des projets d\'économie circulaire et de la situation des PFC à Grenoble','2022-10-02'),(389,'Examen approfondi des programmes d\'efficacité énergétique des bâtiments et des données sur les HFC à Grenoble','2022-09-28'),(390,'Regard sur l\'impact des énergies renouvelables et du SF6 à Grenoble','2022-08-16'),(391,'Panorama des politiques de végétalisation urbaine et leur effet sur le CO2 non biogénique à Clermont-Ferrand','2022-10-03'),(392,'Enquête et solutions innovantes pour réduire les N2O dans l\'agriculture urbaine à Clermont-Ferrand','2022-10-24'),(393,'Analyse des programmes de mobilité durable et leurs impacts sur les émissions de CO à Clermont-Ferrand','2022-09-11'),(394,'Répercussions de l\'agriculture urbaine et pistes d\'actions sur le H2S à Saint-Étienne','2022-08-10'),(395,'Diagnostic des systèmes de traitement des déchets et des données sur les N2O5 à Saint-Étienne','2022-09-25'),(396,'Enjeux de la transition écologique et de la réduction des HCHO à Saint-Étienne','2022-10-15'),(397,'Évolution des pratiques de construction durable et impacts sur le CO2 biogénique à Toulouse','2022-08-21'),(398,'Évaluation de l\'empreinte environnementale des projets de rénovation et de NH3 à Toulouse','2022-10-26'),(399,'Photographie des initiatives de mobilité électrique et des émissions de CH4 à Toulouse','2022-08-12'),(400,'État des lieux des projets d\'économie circulaire et de la situation des PFC à Montpellier','2022-10-28'),(401,'Inspection des programmes d\'efficacité énergétique des bâtiments et des données sur les HFC à Montpellier','2022-09-20'),(402,'Regard sur l\'impact des énergies renouvelables et du SF6 à Montpellier','2022-08-13'),(403,'Panorama des politiques de végétalisation urbaine et leur effet sur le CO2 non biogénique à Nîmes','2022-10-08'),(404,'Analyse et solutions innovantes pour réduire les N2O dans les transports en commun à Nîmes','2022-10-12'),(405,'Stratégies d\'amélioration de la gestion des déchets et leurs impacts sur les émissions de CO à Nîmes','2022-08-06'),(406,'Répercussions de l\'agriculture urbaine et pistes d\'actions sur le H2S à Perpignan','2022-10-22'),(407,'Diagnostic des systèmes de traitement des eaux usées et des données sur les N2O5 à Perpignan','2022-08-11'),(408,'Enjeux de la transition écologique et de la réduction des HCHO à Perpignan','2022-09-17'),(409,'Exploration des initiatives de reforestation urbaine et impacts sur le CO2 biogénique à Bordeaux','2022-09-18'),(410,'Évaluation globale des programmes de gestion des déchets et des dangers liés à NH3 à Bordeaux','2022-10-01'),(411,'Analyse approfondie des innovations dans les transports en commun et des émissions de CH4 à Bordeaux','2022-08-15'),(412,'Étude détaillée des projets d\'économie circulaire et de la situation des PFC à La Rochelle','2022-09-07'),(413,'Examen des programmes d\'efficacité énergétique des bâtiments et de l\'impact des HFC à La Rochelle','2022-09-01'),(414,'Évaluation de l\'empreinte environnementale des énergies renouvelables et du SF6 à La Rochelle','2022-09-19'),(415,'Panorama des politiques de végétalisation urbaine et leur effet sur le CO2 non biogénique à Limoges','2022-09-04'),(416,'Analyse et solutions innovantes pour réduire les N2O dans l\'agriculture urbaine à Limoges','2022-08-08'),(417,'Stratégies d\'amélioration de la gestion des déchets et leurs impacts sur les émissions de CO à Limoges','2022-09-23'),(418,'Évaluation approfondie de l\'agriculture urbaine et des solutions sur le H2S à Pau','2022-08-19'),(419,'Recommandations pour la gestion durable des eaux usées et des N2O5 à Pau','2022-09-27'),(420,'Analyse détaillée des initiatives de transition écologique et de l\'impact des HCHO à Pau','2022-10-29'),(421,'Cartographie de l\'urbanisation et son impact sur les émissions de CO2 organique à Paris','2023-09-09'),(422,'Diagnostic de la qualité de l\'air et des mesures de réduction de NH3 à Paris','2023-08-17'),(423,'Analyse des tendances de la mobilité urbaine et des émissions de CH4 à Paris','2023-09-04'),(424,'Étude de l\'évolution des pratiques industrielles et des PFC à Versailles','2023-10-15'),(425,'Inspection des données sur l\'efficacité énergétique des bâtiments et les HFC à Versailles','2023-08-21'),(426,'Évaluation de l\'empreinte carbone des réseaux de transport et du SF6 à Versailles','2023-09-11'),(427,'Photographie des initiatives durables et leur effet sur le CO2 non biogénique à Boulogne-Billancourt','2023-08-30'),(428,'Enquête sur les programmes de sensibilisation et les solutions pour réduire les N2O à Boulogne-Billancourt','2023-10-08'),(429,'Examen des politiques de gestion des déchets et leurs impacts sur les émissions de CO à Boulogne-Billancourt','2023-09-29'),(430,'Répercussions de l\'agriculture urbaine et pistes d\'actions sur le H2S à Saint-Denis','2023-10-26'),(431,'Diagnostic des données sur les N2O5 à Saint-Denis','2023-08-05'),(432,'Enjeux de la qualité de l\'air face aux HCHO à Saint-Denis','2023-10-14'),(433,'Tendances et perspectives du CO2 biogénique à Marseille','2023-09-26'),(434,'Évaluation globale de l\'impact de NH3 à Marseille','2023-08-06'),(435,'Analyse des enjeux des émissions de CH4 à Marseille','2023-09-17'),(436,'Instantané de la situation des PFC à Nice','2023-09-03'),(437,'Inspection des données sur les HFC à Nice','2023-08-20'),(438,'Regard sur l\'empreinte du SF6 à Nice','2023-09-30'),(439,'Panorama du CO2 non biogénique à Toulon','2023-10-31'),(440,'Enquête et solutions pour les N2O à Toulon','2023-09-15'),(441,'Émissions de monoxyde de carbone (CO) à Toulon : Analyse et stratégies d\'amélioration','2023-09-16'),(442,'Rapport sur les émissions de sulfure d\'hydrogène (H2S) à Avignon : Impact environnemental et solutions','2023-08-18'),(443,'Évaluation des émissions de pentoxyde d\'azote (N2O5) à Avignon : Analyse et recommandations','2023-09-02'),(444,'Analyse des émissions de formaldéhyde (HCHO) à Avignon : Enjeux et actions pour une meilleure qualité de l\'air','2023-09-19'),(445,'Évaluation des émissions de CO2 biogénique à Lyon : Tendances et impacts','2023-08-14'),(446,'Ammoniac (NH3) à Lyon : Évaluation complète de son impact environnemental','2023-10-23'),(447,'Rapport sur les émissions de méthane (CH4) à Lyon : Analyse globale','2023-10-27'),(448,'Perfluorocarbures (PFC) à Grenoble : État des lieux actuel','2023-09-28'),(449,'Hydrofluorocarbures (HFC) à Grenoble : Évaluation des données','2023-10-01'),(450,'Analyse des émissions de l\'hexafluorure de soufre (SF6) à Grenoble : Focus sur l\'impact environnemental','2023-08-10'),(451,'Rapport sur les émissions de CO2 non biogénique à Clermont-Ferrand : Vue d\'ensemble','2023-09-12'),(452,'Oxyde nitreux (N2O) à Clermont-Ferrand : Étude approfondie et solutions pour la réduction des émissions','2023-09-13'),(453,'Émissions de monoxyde de carbone (CO) à Clermont-Ferrand : Analyse et stratégies d\'amélioration','2023-10-21'),(454,'Rapport sur les émissions de sulfure d\'hydrogène (H2S) à Saint-Étienne : Impact environnemental et solutions','2023-08-23'),(455,'Évaluation des émissions de pentoxyde d\'azote (N2O5) à Saint-Étienne : Analyse et recommandations','2023-09-05'),(456,'Analyse des émissions de formaldéhyde (HCHO) à Saint-Étienne : Enjeux et actions pour une meilleure qualité de l\'air','2023-08-28'),(457,'Évaluation des émissions de CO2 biogénique à Toulouse : Tendances et impacts','2023-10-20'),(458,'Ammoniac (NH3) à Toulouse : Évaluation complète de son impact environnemental','2023-10-02'),(459,'Rapport sur les émissions de méthane (CH4) à Toulouse : Analyse globale','2023-08-07'),(460,'Perfluorocarbures (PFC) à Montpellier : État des lieux actuel','2023-10-09'),(461,'Hydrofluorocarbures (HFC) à Montpellier : Analyse des données','2023-09-06'),(462,'Analyse des émissions de l\'hexafluorure de soufre (SF6) à Montpellier : Focus sur l\'impact environnemental','2023-09-24'),(463,'Rapport sur les émissions de CO2 non biogénique à Nîmes : Vue d\'ensemble','2023-10-22'),(464,'Oxyde nitreux (N2O) à Nîmes : Analyse et solutions pour la réduction des émissions','2023-09-22'),(465,'Émissions de monoxyde de carbone (CO) à Nîmes : Stratégies d\'amélioration','2023-10-24'),(466,'Rapport sur les émissions de sulfure d\'hydrogène (H2S) à Perpignan : Impact environnemental et solutions','2023-08-11'),(467,'Évaluation des émissions de pentoxyde d\'azote (N2O5) à Perpignan : Analyse et recommandations','2023-08-27'),(468,'Analyse des émissions de formaldéhyde (HCHO) à Perpignan : Enjeux et actions pour une meilleure qualité de l\'air','2023-10-25'),(469,'Exploration approfondie des sources et impacts du CO2 biogénique à Bordeaux','2023-08-16'),(470,'Évaluation complète des dangers environnementaux de l\'ammoniac (NH3) à Bordeaux','2023-10-13'),(471,'Analyse Exhaustive des Émissions de CH4 et de leurs Conséquences à Bordeaux','2023-09-25'),(472,'Étude Détaillée de la Situation des PFC à La Rochelle et des Risques Associés','2023-10-03'),(473,'Examen Approfondi des Données sur les HFC à La Rochelle et leur Impact','2023-10-19'),(474,'Évaluation Rigoureuse de l\'Impact Environnemental des Émissions de SF6 à La Rochelle','2023-09-01'),(475,'Panorama Complet des Émissions de CO2 Non Biologique à Limoges','2023-09-18'),(476,'Analyse et Solutions Innovantes pour Réduire les Émissions de N2O à Limoges','2023-10-04'),(477,'Stratégies Efficaces d\'Amélioration pour Diminuer les Émissions de CO à Limoges','2023-09-08'),(478,'Évaluation Approfondie des Émissions de H2S et des Solutions Potentielles à Pau','2023-08-12'),(479,'Recommandations Précises pour Gérer les Émissions de N2O5 à Pau','2023-09-20'),(480,'Analyse Détaillée des Émissions de HCHO et de leur Impact sur la Qualité de l\'Air à Pau','2023-08-31'),(481,'Émissions de CO2 Organique à Paris : Tendances et Impacts sur l\'Environnement Urbain','2024-08-03'),(482,'Bilan Environnemental de NH3 à Paris : Évaluation Approfondie des Risques','2024-08-25'),(483,'Analyse Globale des Émissions de CH4 à Paris : Vue d\'Ensemble et Recommandations','2024-10-07'),(484,'État des Lieux Actuel des PFC à Versailles : Perspectives et Stratégies','2024-10-16'),(485,'Évaluation des Données sur les Émissions de HFC à Versailles : Perspectives d\'Amélioration','2024-08-27'),(486,'Impact Environnemental des Émissions de SF6 à Versailles : Analyse Approfondie et Solutions Durables','2024-09-17'),(487,'Vue d\'Ensemble des Émissions de CO2 Non Biologique à Boulogne-Billancourt : Tendances et Solutions','2024-08-23'),(488,'Étude Approfondie des Émissions de N2O à Boulogne-Billancourt : Analyse et Recommandations','2024-10-29'),(489,'Analyse des Stratégies pour Réduire les Émissions de CO à Boulogne-Billancourt : Vers une Ville Plus Durable','2024-09-18'),(490,'Impact Environnemental et Solutions des Émissions de H2S à Saint-Denis : Stratégies pour l\'Amélioration de la Qualité de l\'Air','2024-09-09'),(491,'Évaluation et Recommandations sur les Émissions de N2O5 à Saint-Denis : Vers une Gestion Plus Efficace','2024-10-02'),(492,'Enjeux et Actions pour la Qualité de l\'Air : Analyse des Émissions de HCHO à Saint-Denis','2024-09-07'),(493,'Tendances et Perspectives des Émissions de CO2 Biologiques à Marseille : Vers une Ville Plus Verte','2024-08-19'),(494,'Évaluation Environnementale des Émissions de NH3 à Marseille : Stratégies pour une Meilleure Qualité de l\'Air','2024-08-31'),(495,'Vue d\'Ensemble et Impacts des Émissions de CH4 à Marseille : Solutions pour une Transition Énergétique','2024-10-24'),(496,'État des Lieux Actuel des Émissions de PFC à Nice : Compréhension et Stratégies d\'Amélioration','2024-08-14'),(497,'Évaluation des Données sur les Émissions de HFC à Nice : Vers une Ville Plus Respectueuse de l\'Environnement','2024-08-30'),(498,'Impact Environnemental du SF6 à Nice : Analyse Approfondie et Solutions Durables','2024-10-05'),(499,'Vue d\'Ensemble des Émissions de CO2 Non Biologique à Toulon : Tendances et Solutions','2024-09-06'),(500,'Étude Approfondie des Émissions de N2O à Toulon : Analyse et Recommandations pour une Ville Plus Saine','2024-10-22'),(501,'Stratégies pour Réduire les Émissions de CO à Toulon : Vers une Transition Énergétique Plus Efficace','2024-09-12'),(502,'Impact Environnemental et Solutions des Émissions de H2S à Avignon : Vers une Gestion Plus Durable','2024-08-24'),(503,'Évaluation et Recommandations sur les Émissions de N2O5 à Avignon : Stratégies pour une Ville Plus Verte','2024-10-10'),(504,'Enjeux et Actions pour la Qualité de l\'Air : Analyse des Émissions de HCHO à Avignon','2024-08-28'),(505,'Tendances et Impacts des Émissions de CO2 Biologiques à Lyon : Stratégies pour une Ville Plus Durable','2024-10-01'),(506,'Évaluation Environnementale des Émissions de NH3 à Lyon : Vers une Qualité de l\'Air Améliorée','2024-09-28'),(507,'Analyse Globale des Émissions de CH4 à Lyon : Perspectives et Solutions Durables','2024-09-11'),(508,'État des Lieux Actuel des Émissions de PFC à Grenoble : Compréhension et Stratégies d\'Amélioration','2024-08-26'),(509,'Évaluation des Données sur les Émissions de HFC à Grenoble : Vers une Ville Plus Respectueuse de l\'Environnement','2024-08-21'),(510,'Impact Environnemental du SF6 à Grenoble : Analyse Approfondie et Solutions Durables','2024-09-22'),(511,'Vue d\'Ensemble des Émissions de CO2 Non Biologique à Clermont-Ferrand : Tendances et Solutions','2024-08-15'),(512,'Étude Approfondie des Émissions de N2O à Clermont-Ferrand : Analyse et Recommandations pour une Ville Plus Saine','2024-10-11'),(513,'Stratégies pour Réduire les Émissions de CO à Clermont-Ferrand : Vers une Transition Énergétique Plus Efficace','2024-10-04'),(514,'Impact Environnemental et Solutions des Émissions de H2S à Saint-Étienne : Stratégies pour une Meilleure Qualité de l\'Air','2024-10-13'),(515,'Évaluation et Recommandations sur les Émissions de N2O5 à Saint-Étienne : Vers une Gestion Plus Efficace','2024-09-20'),(516,'Enjeux et Actions pour la Qualité de l\'Air : Analyse des Émissions de HCHO à Saint-Étienne','2024-10-14'),(517,'Tendances et Impacts des Émissions de CO2 Organiques à Toulouse : Vers une Ville Plus Verte','2024-09-25'),(518,'Évaluation Environnementale des Émissions de NH3 à Toulouse : Stratégies pour une Meilleure Qualité de l\'Air','2024-08-08'),(519,'Analyse Globale des Émissions de CH4 à Toulouse : Perspectives et Solutions Durables','2024-09-15'),(520,'État des Lieux Actuel des Émissions de PFC à Montpellier : Compréhension et Stratégies d\'Amélioration','2024-08-05'),(521,'Évaluation des Données sur les Émissions de HFC à Montpellier : Vers une Ville Plus Respectueuse de l\'Environnement','2024-08-16'),(522,'Impact Environnemental du SF6 à Montpellier : Analyse Approfondie et Solutions Durables','2024-10-18'),(523,'Vue d\'Ensemble des Émissions de CO2 Non Biologique à Nîmes : Tendances et Solutions','2024-09-21'),(524,'Analyse et Solutions pour la Réduction des Émissions de N2O à Nîmes : Stratégies pour une Ville Plus Durable','2024-09-01'),(525,'Stratégies pour l\'Amélioration des Émissions de CO à Nîmes : Vers une Transition Énergétique Plus Efficace','2024-09-03'),(526,'Impact Environnemental et Solutions des Émissions de H2S à Perpignan : Stratégies pour une Meilleure Qualité de l\'Air','2024-09-23'),(527,'Évaluation et Recommandations sur les Émissions de N2O5 à Perpignan : Vers une Gestion Plus Efficace','2024-08-09'),(528,'Analyse des Émissions de HCHO à Perpignan : Enjeux et Actions pour une Ville Plus Respectueuse de l\'Environnement','2024-10-19'),(529,'Exploration Approfondie des Sources et Impacts du CO2 Organique à Bordeaux : Stratégies pour une Transition Énergétique','2024-10-12'),(530,'Évaluation Complète des Dangers Environnementaux du NH3 à Bordeaux : Vers une Ville Plus Durable','2024-10-17'),(531,'Analyse Approfondie des Émissions de CH4 à Bordeaux : Perspectives et Solutions Durables','2024-09-02'),(532,'Étude Détaillée de la Situation des PFC à La Rochelle et des Risques Associés : Vers une Gestion Plus Efficace','2024-10-20'),(533,'Examen Approfondi des Données sur les HFC à La Rochelle et leur Impact : Stratégies pour une Ville Plus Verte','2024-10-26'),(534,'Évaluation Rigoureuse de l\'Impact Environnemental des Émissions de SF6 à La Rochelle : Vers une Transition Énergétique Plus Efficace','2024-10-06'),(535,'Panorama Complet des Émissions de CO2 Non Biologique à Limoges : Tendances et Solutions','2024-09-27'),(536,'Analyse et Solutions Innovantes pour Réduire les Émissions de N2O à Limoges : Vers une Ville Plus Durable','2024-09-30'),(537,'Stratégies pour la Réduction du CO à Limoges : Perspectives et Solutions Durables','2024-10-08'),(538,'Évaluation Approfondie des Émissions de H2S et des Solutions Potentielles à Pau : Stratégies pour une Meilleure Qualité de l\'Air','2024-08-29'),(539,'Recommandations Précises pour Gérer les Émissions de N2O5 à Pau : Vers une Gestion Plus Efficace','2024-08-10'),(540,'Analyse Détaillée des Émissions de HCHO et de leur Impact sur la Qualité de l\'Air à Pau : Vers une Transition Énergétique','2024-09-13');
/*!40000 ALTER TABLE `rapport_` ENABLE KEYS */;
UNLOCK TABLES;

--
-- Table structure for table `redige_`
--

DROP TABLE IF EXISTS `redige_`;
/*!40101 SET @saved_cs_client     = @@character_set_client */;
/*!50503 SET character_set_client = utf8mb4 */;
CREATE TABLE `redige_` (
  `Id_personnel_` int NOT NULL,
  `Id_Rapport_` int NOT NULL,
  PRIMARY KEY (`Id_personnel_`,`Id_Rapport_`),
  KEY `Id_Rapport_` (`Id_Rapport_`),
  CONSTRAINT `redige__ibfk_1` FOREIGN KEY (`Id_personnel_`) REFERENCES `personnel_administratifs` (`Id_personnel_`),
  CONSTRAINT `redige__ibfk_2` FOREIGN KEY (`Id_Rapport_`) REFERENCES `rapport_` (`Id_Rapport_`)
) ENGINE=InnoDB DEFAULT CHARSET=utf8mb4 COLLATE=utf8mb4_0900_ai_ci;
/*!40101 SET character_set_client = @saved_cs_client */;

--
-- Dumping data for table `redige_`
--

LOCK TABLES `redige_` WRITE;
/*!40000 ALTER TABLE `redige_` DISABLE KEYS */;
INSERT INTO `redige_` VALUES (101,1),(121,2),(121,3),(102,4),(102,5),(122,6),(103,7),(123,8),(123,9),(104,10),(124,11),(104,12),(125,13),(105,14),(105,15),(126,16),(106,17),(126,18),(107,19),(107,20),(127,21),(128,22),(128,23),(108,24),(109,25),(129,26),(109,27),(110,28),(130,29),(130,30),(131,31),(131,32),(111,33),(112,34),(132,35),(112,36),(113,37),(113,38),(133,39),(134,40),(114,41),(134,42),(115,43),(115,44),(135,45),(136,46),(136,47),(116,48),(117,49),(117,50),(137,51),(118,52),(138,53),(118,54),(139,55),(139,56),(119,57),(120,58),(140,59),(120,60),(101,61),(121,62),(121,63),(102,64),(102,65),(122,66),(103,67),(123,68),(123,69),(104,70),(124,71),(104,72),(125,73),(105,74),(105,75),(126,76),(106,77),(126,78),(107,79),(107,80),(127,81),(128,82),(128,83),(108,84),(109,85),(129,86),(109,87),(110,88),(130,89),(130,90),(131,91),(131,92),(111,93),(112,94),(132,95),(112,96),(113,97),(113,98),(133,99),(134,100),(114,101),(134,102),(115,103),(115,104),(135,105),(136,106),(136,107),(116,108),(117,109),(117,110),(137,111),(118,112),(138,113),(118,114),(139,115),(139,116),(119,117),(120,118),(140,119),(120,120),(101,121),(121,122),(121,123),(102,124),(102,125),(122,126),(103,127),(123,128),(123,129),(104,130),(124,131),(104,132),(125,133),(105,134),(105,135),(126,136),(106,137),(126,138),(107,139),(107,140),(127,141),(128,142),(128,143),(108,144),(109,145),(129,146),(109,147),(110,148),(130,149),(130,150),(131,151),(131,152),(111,153),(112,154),(132,155),(112,156),(113,157),(113,158),(133,159),(134,160),(114,161),(134,162),(115,163),(115,164),(135,165),(136,166),(136,167),(116,168),(117,169),(117,170),(137,171),(118,172),(138,173),(118,174),(139,175),(139,176),(119,177),(120,178),(140,179),(120,180),(101,181),(121,182),(121,183),(102,184),(102,185),(122,186),(103,187),(123,188),(123,189),(104,190),(124,191),(104,192),(125,193),(105,194),(105,195),(126,196),(106,197),(126,198),(107,199),(107,200),(127,201),(128,202),(128,203),(108,204),(109,205),(129,206),(109,207),(110,208),(130,209),(130,210),(131,211),(131,212),(111,213),(112,214),(132,215),(112,216),(113,217),(113,218),(133,219),(134,220),(114,221),(134,222),(115,223),(115,224),(135,225),(136,226),(136,227),(116,228),(117,229),(117,230),(137,231),(118,232),(138,233),(118,234),(139,235),(139,236),(119,237),(120,238),(140,239),(120,240),(101,241),(121,242),(121,243),(102,244),(102,245),(122,246),(103,247),(123,248),(123,249),(104,250),(124,251),(104,252),(125,253),(105,254),(105,255),(126,256),(106,257),(126,258),(107,259),(107,260),(127,261),(128,262),(128,263),(108,264),(109,265),(129,266),(109,267),(110,268),(130,269),(130,270),(131,271),(131,272),(111,273),(112,274),(132,275),(112,276),(113,277),(113,278),(133,279),(134,280),(114,281),(134,282),(115,283),(115,284),(135,285),(136,286),(136,287),(116,288),(117,289),(117,290),(137,291),(118,292),(138,293),(118,294),(139,295),(139,296),(119,297),(120,298),(140,299),(120,300),(101,301),(121,302),(121,303),(102,304),(102,305),(122,306),(103,307),(123,308),(123,309),(104,310),(124,311),(104,312),(125,313),(105,314),(105,315),(126,316),(106,317),(126,318),(107,319),(107,320),(127,321),(128,322),(128,323),(108,324),(109,325),(129,326),(109,327),(110,328),(130,329),(130,330),(131,331),(131,332),(111,333),(112,334),(132,335),(112,336),(113,337),(113,338),(133,339),(134,340),(114,341),(134,342),(115,343),(115,344),(135,345),(136,346),(136,347),(116,348),(117,349),(117,350),(137,351),(118,352),(138,353),(118,354),(139,355),(139,356),(119,357),(120,358),(140,359),(120,360),(101,361),(121,362),(121,363),(102,364),(102,365),(122,366),(103,367),(123,368),(123,369),(104,370),(124,371),(104,372),(125,373),(105,374),(105,375),(126,376),(106,377),(126,378),(107,379),(107,380),(127,381),(128,382),(128,383),(108,384),(109,385),(129,386),(109,387),(110,388),(130,389),(130,390),(131,391),(131,392),(111,393),(112,394),(132,395),(112,396),(113,397),(113,398),(133,399),(134,400),(114,401),(134,402),(115,403),(115,404),(135,405),(136,406),(136,407),(116,408),(117,409),(117,410),(137,411),(118,412),(138,413),(118,414),(139,415),(139,416),(119,417),(120,418),(140,419),(120,420),(101,421),(121,422),(121,423),(102,424),(102,425),(122,426),(103,427),(123,428),(123,429),(104,430),(124,431),(104,432),(125,433),(105,434),(105,435),(126,436),(106,437),(126,438),(107,439),(107,440),(127,441),(128,442),(128,443),(108,444),(109,445),(129,446),(109,447),(110,448),(130,449),(130,450),(131,451),(131,452),(111,453),(112,454),(132,455),(112,456),(113,457),(113,458),(133,459),(134,460),(114,461),(134,462),(115,463),(115,464),(135,465),(136,466),(136,467),(116,468),(117,469),(117,470),(137,471),(118,472),(138,473),(118,474),(139,475),(139,476),(119,477),(120,478),(140,479),(120,480),(101,481),(121,482),(121,483),(102,484),(102,485),(122,486),(103,487),(123,488),(123,489),(104,490),(124,491),(104,492),(125,493),(105,494),(105,495),(126,496),(106,497),(126,498),(107,499),(107,500),(127,501),(128,502),(128,503),(108,504),(109,505),(129,506),(109,507),(110,508),(130,509),(130,510),(131,511),(131,512),(111,513),(112,514),(132,515),(112,516),(113,517),(113,518),(133,519),(134,520),(114,521),(134,522),(115,523),(115,524),(135,525),(136,526),(136,527),(116,528),(117,529),(117,530),(137,531),(118,532),(138,533),(118,534),(139,535),(139,536),(119,537),(120,538),(140,539),(120,540);
/*!40000 ALTER TABLE `redige_` ENABLE KEYS */;
UNLOCK TABLES;

--
-- Table structure for table `région_`
--

DROP TABLE IF EXISTS `région_`;
/*!40101 SET @saved_cs_client     = @@character_set_client */;
/*!50503 SET character_set_client = utf8mb4 */;
CREATE TABLE `région_` (
  `Id_Région_` int NOT NULL AUTO_INCREMENT,
  `Nom_de_Région` varchar(50) DEFAULT NULL,
  PRIMARY KEY (`Id_Région_`)
) ENGINE=InnoDB AUTO_INCREMENT=6 DEFAULT CHARSET=utf8mb4 COLLATE=utf8mb4_0900_ai_ci;
/*!40101 SET character_set_client = @saved_cs_client */;

--
-- Dumping data for table `région_`
--

LOCK TABLES `région_` WRITE;
/*!40000 ALTER TABLE `région_` DISABLE KEYS */;
INSERT INTO `région_` VALUES (1,'Île-de-France'),(2,'Provence-Alpes-Côte d\'Azur'),(3,'Auvergne-Rhône-Alpes'),(4,'Occitanie'),(5,'Nouvelle-Aquitaine');
/*!40000 ALTER TABLE `région_` ENABLE KEYS */;
UNLOCK TABLES;

--
-- Table structure for table `répertorier`
--

DROP TABLE IF EXISTS `répertorier`;
/*!40101 SET @saved_cs_client     = @@character_set_client */;
/*!50503 SET character_set_client = utf8mb4 */;
CREATE TABLE `répertorier` (
  `Id_Gaz` int NOT NULL,
  `Id_Région_` int NOT NULL,
  PRIMARY KEY (`Id_Gaz`,`Id_Région_`),
  KEY `Id_Région_` (`Id_Région_`),
  CONSTRAINT `répertorier_ibfk_1` FOREIGN KEY (`Id_Gaz`) REFERENCES `gaz` (`Id_Gaz`),
  CONSTRAINT `répertorier_ibfk_2` FOREIGN KEY (`Id_Région_`) REFERENCES `région_` (`Id_Région_`)
) ENGINE=InnoDB DEFAULT CHARSET=utf8mb4 COLLATE=utf8mb4_0900_ai_ci;
/*!40101 SET character_set_client = @saved_cs_client */;

--
-- Dumping data for table `répertorier`
--

LOCK TABLES `répertorier` WRITE;
/*!40000 ALTER TABLE `répertorier` DISABLE KEYS */;
INSERT INTO `répertorier` VALUES (1,1),(2,1),(3,1),(4,1),(5,1),(6,1),(7,1),(8,1),(9,1),(10,1),(11,1),(12,1),(1,2),(2,2),(3,2),(4,2),(5,2),(6,2),(7,2),(8,2),(9,2),(10,2),(11,2),(12,2),(1,3),(2,3),(3,3),(4,3),(5,3),(6,3),(7,3),(8,3),(9,3),(10,3),(11,3),(12,3),(1,4),(2,4),(3,4),(4,4),(5,4),(6,4),(7,4),(8,4),(9,4),(10,4),(11,4),(12,4),(1,5),(2,5),(3,5),(4,5),(5,5),(6,5),(7,5),(8,5),(9,5),(10,5),(11,5),(12,5);
/*!40000 ALTER TABLE `répertorier` ENABLE KEYS */;
UNLOCK TABLES;

--
-- Table structure for table `secteur_`
--

DROP TABLE IF EXISTS `secteur_`;
/*!40101 SET @saved_cs_client     = @@character_set_client */;
/*!50503 SET character_set_client = utf8mb4 */;
CREATE TABLE `secteur_` (
  `Id_Secteur_` int NOT NULL AUTO_INCREMENT,
  `Nom_De_Secteur_` varchar(50) DEFAULT NULL,
  `Id_Ville_` int NOT NULL,
  PRIMARY KEY (`Id_Secteur_`),
  KEY `Id_Ville_` (`Id_Ville_`),
  CONSTRAINT `secteur__ibfk_1` FOREIGN KEY (`Id_Ville_`) REFERENCES `ville_` (`Id_Ville_`)
) ENGINE=InnoDB AUTO_INCREMENT=61 DEFAULT CHARSET=utf8mb4 COLLATE=utf8mb4_0900_ai_ci;
/*!40101 SET character_set_client = @saved_cs_client */;

--
-- Dumping data for table `secteur_`
--

LOCK TABLES `secteur_` WRITE;
/*!40000 ALTER TABLE `secteur_` DISABLE KEYS */;
INSERT INTO `secteur_` VALUES (1,'Secteur financier',1),(2,'Tourisme et hôtellerie',1),(3,'Mode et luxe',1),(4,'Tourisme culturel',2),(5,'Événementiel',2),(6,'Secteur immobilier',2),(7,'Industrie automobile',3),(8,'Secteur numérique',3),(9,'Services aux entreprises',3),(10,'Industrie textile',4),(11,'Logistique',4),(12,'Énergies renouvelables',4),(13,'Industrie maritime',5),(14,'Tourisme culturel',5),(15,'Secteur agroalimentaire',5),(16,'Tourisme balnéaire',6),(17,'Secteur hôtelier',6),(18,'Secteur événementiel',6),(19,'Secteur naval',7),(20,'Tourisme balnéaire',7),(21,'Industrie navale',7),(22,'Tourisme culturel',8),(23,'Secteur viticole',8),(24,'Arts et culture',8),(25,'Industrie pharmaceutique',9),(26,'Gastronomie',9),(27,'Secteur numérique',9),(28,'Secteur high-tech',10),(29,'Recherche scientifique',10),(30,'Énergie et environnement',10),(31,'Industrie pneumatique',11),(32,'Recherche scientifique',11),(33,'Industrie pharmaceutique',11),(34,'Industrie métallurgique',12),(35,'Secteur design',12),(36,'Énergie et environnement',12),(37,'Aéronautique et spatial',13),(38,'Secteur numérique',13),(39,'Recherche scientifique',13),(40,'Recherche médicale',14),(41,'Viticulture',14),(42,'Tourisme balnéaire',14),(43,'Tourisme culturel',15),(44,'Industrie agroalimentaire',15),(45,'Équipement pour l\'industrie',15),(46,'Secteur agroalimentaire',16),(47,'Logistique',16),(48,'Tourisme culturel',16),(49,'Viticulture',17),(50,'Secteur aéronautique',17),(51,'Secteur numérique',17),(52,'Tourisme balnéaire',18),(53,'Secteur nautique',18),(54,'Industries maritimes',18),(55,'Industrie de la porcelaine',19),(56,'Secteur agroalimentaire',19),(57,'Tourisme culturel',19),(58,'Industrie pétrochimique',20),(59,'Secteur énergétique',20),(60,'Technologies de information et de la communication',20);
/*!40000 ALTER TABLE `secteur_` ENABLE KEYS */;
UNLOCK TABLES;

--
-- Table structure for table `ville_`
--

DROP TABLE IF EXISTS `ville_`;
/*!40101 SET @saved_cs_client     = @@character_set_client */;
/*!50503 SET character_set_client = utf8mb4 */;
CREATE TABLE `ville_` (
  `Id_Ville_` int NOT NULL AUTO_INCREMENT,
  `Nom_de_Ville_` varchar(40) DEFAULT NULL,
  `Id_Région_` int NOT NULL,
  PRIMARY KEY (`Id_Ville_`),
  KEY `Id_Région_` (`Id_Région_`),
  CONSTRAINT `ville__ibfk_1` FOREIGN KEY (`Id_Région_`) REFERENCES `région_` (`Id_Région_`)
) ENGINE=InnoDB AUTO_INCREMENT=21 DEFAULT CHARSET=utf8mb4 COLLATE=utf8mb4_0900_ai_ci;
/*!40101 SET character_set_client = @saved_cs_client */;

--
-- Dumping data for table `ville_`
--

LOCK TABLES `ville_` WRITE;
/*!40000 ALTER TABLE `ville_` DISABLE KEYS */;
INSERT INTO `ville_` VALUES (1,'Paris',1),(2,'Versailles',1),(3,'Boulogne-Billancourt',1),(4,'Saint-Denis',1),(5,'Marseille',2),(6,'Nice',2),(7,'Toulon',2),(8,'Avignon',2),(9,'Lyon',3),(10,'Grenoble',3),(11,'Clermont-Ferrand',3),(12,'Saint-Étienne',3),(13,'Toulouse',4),(14,'Montpellier',4),(15,'Nîmes',4),(16,'Perpignan',4),(17,'Bordeaux',5),(18,'La Rochelle',5),(19,'Limoges',5),(20,'Pau',5);
/*!40000 ALTER TABLE `ville_` ENABLE KEYS */;
UNLOCK TABLES;
/*!40103 SET TIME_ZONE=@OLD_TIME_ZONE */;

/*!40101 SET SQL_MODE=@OLD_SQL_MODE */;
/*!40014 SET FOREIGN_KEY_CHECKS=@OLD_FOREIGN_KEY_CHECKS */;
/*!40014 SET UNIQUE_CHECKS=@OLD_UNIQUE_CHECKS */;
/*!40101 SET CHARACTER_SET_CLIENT=@OLD_CHARACTER_SET_CLIENT */;
/*!40101 SET CHARACTER_SET_RESULTS=@OLD_CHARACTER_SET_RESULTS */;
/*!40101 SET COLLATION_CONNECTION=@OLD_COLLATION_CONNECTION */;
/*!40111 SET SQL_NOTES=@OLD_SQL_NOTES */;

-- Dump completed on 2024-05-08 22:04:46
