Id_Agence;Nom_Agence;Id_Ville_
1;Agence de Paris;1
2;Agence de Versailles;2
3;Agence de Boulogne-Billancourt;3
4;Agence de Saint-Denis;4
5;Agence de Marseille;5
6;Agence de Nice;6
7;Agence de Toulon;7
8;Agence de Avignon;8
9;Agence de Lyon;9
10;Agence de Grenoble;10
11;Agence de Clermont-Ferrand;11
12;Agence de Saint-�tienne;12
13;Agence de Toulouse;13
14;Agence de Montpellier;14
15;Agence de N�mes;15
16;Agence de Perpignan;16
17;Agence de Bordeaux;17
18;Agence de La Rochelle;18
19;Agence de Limoges;19
20;Agence de Pau;20
